0.1,0.04734666044158661,0.0,5.1,0.0,0.0,15.0
0.2,0.04616981253759904,0.0023673330220793307,5.100236733302207,0.0,0.0,15.0
0.30000000000000004,0.0458791465511868,0.004675823648959283,5.1007043156671035,0.0,0.0,15.0
0.4,0.04557278108480796,0.006969780976518623,5.101401293764756,0.0,0.0,15.0
0.5,0.04526718580378757,0.00924842003075902,5.102326135767831,0.0,0.0,15.0
0.6000000000000001,0.04496206739103795,0.0115117793209484,5.103477313699926,0.0,0.0,15.0
0.7000000000000001,0.044657438444308195,0.013759882690500297,5.104853301968976,0.0,0.0,15.0
0.8,0.044353305913028544,0.015992754612715706,5.106452577430248,0.0,0.0,15.0
0.9,0.0440496767855416,0.018210419908367134,5.108273619421085,0.0,0.0,15.0
1.0,0.043746557985471515,0.020412903747644214,5.110314909795849,0.0,0.0,15.0
1.1,0.043443956373801114,0.02260023164691779,5.112574932960541,0.0,0.0,15.0
1.2000000000000002,0.043141878749015206,0.024772429465607843,5.115052175907102,0.0,0.0,15.0
1.3,0.04284033184728562,0.026929523403058604,5.117745128247408,0.0,0.0,15.0
1.4000000000000001,0.04253932234265005,0.029071539995422883,5.12065228224695,0.0,0.0,15.0
1.5,0.042238856847199024,0.031198506112555386,5.123772132858206,0.0,0.0,15.0
1.6,0.04193894191125691,0.033310448954915334,5.127103177753698,0.0,0.0,15.0
1.7000000000000002,0.04163958402356839,0.03540739605047818,5.1306439173587455,0.0,0.0,15.0
1.8,0.04134078961148551,0.0374893752516566,5.134392854883911,0.0,0.0,15.0
1.9000000000000001,0.0410425650411515,0.03955641473223087,5.138348496357135,0.0,0.0,15.0
2.0,0.04074491661769059,0.04160854298428845,5.142509350655564,0.0,0.0,15.0
2.1,0.04044785058539645,0.043645788815172976,5.146873929537081,0.0,0.0,15.0
2.2,0.04015137312791971,0.045668181344442796,5.151440747671526,0.0,0.0,15.0
2.3000000000000003,0.039855490368459597,0.047675750000838776,5.15620832267161,0.0,0.0,15.0
2.4000000000000004,0.03956020836995406,0.04966852451926176,5.161175175123536,0.0,0.0,15.0
2.5,0.03926553313527125,0.05164653493775946,5.166339828617312,0.0,0.0,15.0
2.6,0.03897147060740193,0.05360981159452302,5.171700809776764,0.0,0.0,15.0
2.7,0.03867802666965325,0.05555838512489312,5.177256648289253,0.0,0.0,15.0
2.8000000000000003,0.03838520714584092,0.057492286458375785,5.18300587693509,0.0,0.0,15.0
2.9000000000000004,0.038093017800485955,0.059411546815667834,5.1889470316166575,0.0,0.0,15.0
3.0,0.03780146433900809,0.06131619770569213,5.1950786513872265,0.0,0.0,15.0
3.1,0.03751055240792255,0.06320627092264254,5.2013992784794905,0.0,0.0,15.0
3.2,0.037220287595037406,0.06508179854303867,5.2079074583337945,0.0,0.0,15.0
3.3000000000000003,0.03693067542964926,0.06694281292279053,5.214601739626073,0.0,0.0,15.0
3.4000000000000004,0.03664172138274286,0.068789346694273,5.221480674295501,0.0,0.0,15.0
3.5,0.036353430867189444,0.07062143276341015,5.228542817571842,0.0,0.0,15.0
3.6,0.03606580923794564,0.07243910430676963,5.23578672800252,0.0,0.0,15.0
3.7,0.035778861792253494,0.07424239476866691,5.243210967479387,0.0,0.0,15.0
3.8000000000000003,0.03549259376984139,0.07603133785827959,5.250814101265215,0.0,0.0,15.0
3.9000000000000004,0.035207010353125893,0.07780596754677166,5.258594698019892,0.0,0.0,15.0
4.0,0.03492211666741284,0.07956631806442796,5.266551329826335,0.0,0.0,15.0
4.1000000000000005,0.034637917781099405,0.08131242389779861,5.274682572216115,0.0,0.0,15.0
4.2,0.03435441870587774,0.08304431978685359,5.2829870041948,0.0,0.0,15.0
4.3,0.034071624396939844,0.08476204072214748,5.291463208267015,0.0,0.0,15.0
4.4,0.03378953975317836,0.08646562194199447,5.300109770461215,0.0,0.0,15.0
4.5,0.03350816961739534,0.0881550989296534,5.30892528035418,0.0,0.0,15.0
4.6000000000000005,0.033227518776505094,0.08983050741052316,5.317908331095232,0.0,0.0,15.0
4.7,0.03294759196174041,0.09149188334934841,5.327057519430167,0.0,0.0,15.0
4.800000000000001,0.032668393848859084,0.09313926294743544,5.336371445724911,0.0,0.0,15.0
4.9,0.032389929058351266,0.0947726826398784,5.345848713988898,0.0,0.0,15.0
5.0,0.03211220215564566,0.09639217909279596,5.355487931898178,0.0,0.0,15.0
5.1000000000000005,0.03183521765131879,0.09799778920057825,5.365287710818236,0.0,0.0,15.0
5.2,0.031558980001302334,0.09958955008314418,5.37524666582655,0.0,0.0,15.0
5.300000000000001,0.031283493607092094,0.1011674990832093,5.385363415734871,0.0,0.0,15.0
5.4,0.031008762815958164,0.1027316737635639,5.395636583111227,0.0,0.0,15.0
5.5,0.030734791921153092,0.10428211190436182,5.406064794301663,0.0,0.0,15.0
5.6000000000000005,0.030461585162123404,0.10581885150041948,5.416646679451706,0.0,0.0,15.0
5.7,0.03018914672471978,0.10734193075852565,5.427380872527558,0.0,0.0,15.0
5.800000000000001,0.02991748074140815,0.10885138809476164,5.438266011337034,0.0,0.0,15.0
5.9,0.029646591291480364,0.11034726213183205,5.449300737550217,0.0,0.0,15.0
6.0,0.029376482401267716,0.11182959169640606,5.460483696719858,0.0,0.0,15.0
6.1000000000000005,0.029107158044351395,0.11329841581646945,5.471813538301505,0.0,0.0,15.0
6.2,0.02883862214177612,0.11475377371868702,5.4832889156733735,0.0,0.0,15.0
6.300000000000001,0.028570878562263556,0.11619570482577582,5.494908486155951,0.0,0.0,15.0
6.4,0.028303931122423763,0.117624248753889,5.50667091103134,0.0,0.0,15.0
6.5,0.02803778358697122,0.11903944531001018,5.518574855562341,0.0,0.0,15.0
6.6000000000000005,0.027772439668937596,0.12044133448935873,5.530618989011277,0.0,0.0,15.0
6.7,0.027507903029886354,0.12182995647280562,5.542801984658557,0.0,0.0,15.0
6.800000000000001,0.02724417728012718,0.12320535162429994,5.555122519820987,0.0,0.0,15.0
6.9,0.026981265978932252,0.12456756048830629,5.567579275869818,0.0,0.0,15.0
7.0,0.026719172634749464,0.1259166237872529,5.580170938248544,0.0,0.0,15.0
7.1000000000000005,0.0264579007054204,0.1272525824189904,5.592896196490442,0.0,0.0,15.0
7.2,0.02619745359839529,0.12857547745426143,5.6057537442358685,0.0,0.0,15.0
7.300000000000001,0.0259378346709473,0.12988535013418118,5.618742279249287,0.0,0.0,15.0
7.4,0.02567904723039328,0.13118224186772853,5.63186050343606,0.0,0.0,15.0
7.5,0.02542109453430624,0.1324661942292482,5.645107122858985,0.0,0.0,15.0
7.6000000000000005,0.02516397979073486,0.1337372489559635,5.658480847754581,0.0,0.0,15.0
7.7,0.02490770615841969,0.13499544794550025,5.6719803925491314,0.0,0.0,15.0
7.800000000000001,0.024652276747011675,0.13624083325342123,5.685604475874474,0.0,0.0,15.0
7.9,0.02439769461728823,0.1374734470907718,5.6993518205835505,0.0,0.0,15.0
8.0,0.024143962781372336,0.13869333182163623,5.713221153765714,0.0,0.0,15.0
8.1,0.023891084202950844,0.13990052996070484,5.727211206761784,0.0,0.0,15.0
8.200000000000001,0.02363906179749149,0.14109508417085237,5.741320715178869,0.0,0.0,15.0
8.3,0.023387898432463305,0.14227703726072694,5.755548418904942,0.0,0.0,15.0
8.4,0.023137596927552954,0.1434464321823501,5.7698930621231765,0.0,0.0,15.0
8.5,0.02288816005488624,0.14460331202872773,5.784353393326049,0.0,0.0,15.0
8.6,0.022639590539244556,0.14574772003147204,5.798928165329197,0.0,0.0,15.0
8.700000000000001,0.025723197582819275,0.14687969955843427,5.81361613528504,0.0035760000000001294,0.000357600000000013,15.00003576
8.8,0.07429762041908698,0.14816585943757524,5.828432721228797,0.056024000000000074,0.00596000000000002,15.00063176
8.9,0.07685049088303496,0.1518807404585296,5.84362079527465,0.0595999999999998,0.01192,15.001823759999999
9.0,0.07693560419496333,0.15572326500268135,5.8591931217749185,0.0596,0.01788,15.003611759999998
9.1,0.07706634705927076,0.1595700452124295,5.875150126296162,0.0596,0.02384,15.005995759999998
9.200000000000001,0.07719683362874698,0.16342336256539305,5.8914924625527005,0.0596,0.0298,15.008975759999998
9.3,0.14395402369649868,0.1672832042468304,5.908220782977383,0.13111999999999902,0.0429119999999999,15.01326696
9.4,0.5184574233658764,0.17448090543165534,5.925668873520549,1.1800800000000011,0.16092,15.02935896
9.5,0.7422658996213306,0.20040377659994918,5.945709251180544,1.2515999999999998,0.28608,15.05796696
9.600000000000001,0.7737388421554726,0.2375170715810157,5.9694609583386455,1.2515999999999998,0.41124,15.09909096
9.700000000000001,0.8116332737597739,0.27620401368878933,5.997081359707525,1.2515999999999998,0.5364,15.15273096
9.8,0.8490241952621516,0.31678567737677804,6.028759927445202,1.2516000000000005,0.66156,15.218886959999999
9.9,0.960265010935643,0.35923688713988566,6.064683616159191,1.27842000000001,0.789402000000001,15.297827159999999
10.0,1.546177359160806,0.40725013768666785,6.105408629927858,1.6717799999999894,0.95658,15.39348516
10.100000000000001,1.566012766859411,0.48455900564470816,6.153864530492329,1.6986000000000012,1.12644,15.506129159999999
10.200000000000001,1.621276738158195,0.5628596439876787,6.210150494891097,1.698599999999999,1.2963,15.63575916
10.3,1.6737286482029812,0.6439234808955885,6.274542842980655,1.698599999999999,1.46616,15.782375159999999
10.4,1.7225290194143055,0.7276099133057375,6.347303834311229,1.6986000000000012,1.63602,15.945977159999998
10.5,1.7655913623743682,0.8137363642764528,6.428677470738874,1.6950240000000005,1.8055224,16.1265294
10.600000000000001,1.7234858694534916,0.9020159323951712,6.518879063978392,1.642576,1.96978,16.3235074
10.700000000000001,1.7725146156310536,0.9881902258678459,6.617698086565176,1.6389999999999993,2.13368,16.5368754
10.8,1.8218596422564426,1.0768159566493987,6.725379682230116,1.6389999999999993,2.29758,16.7666334
10.9,1.870594431652725,1.1679089387622208,6.842170576106338,1.6389999999999993,2.46148,17.0127814
11.0,1.9187718252048882,1.261438660344857,6.968314442140824,1.6389999999999993,2.62538,17.2753194
11.100000000000001,1.9562604805088186,1.3573772516051015,7.104052167301334,1.6336360000000028,2.7887436,17.55419376
11.200000000000001,1.8554312455991238,1.4551902756305424,7.249571194864388,1.554964000000001,2.94424,17.84861776
11.3,1.9003192930260042,1.5479618379104987,7.404367378655438,1.5495999999999999,3.0992,18.15853776
11.4,1.9453777140587487,1.642977802561799,7.568665158911618,1.5495999999999999,3.25416,18.483953760000002
11.5,1.9898163976905454,1.7402466882647363,7.742689827738092,1.5495999999999999,3.40912,18.82486576
11.600000000000001,2.0336816155085082,1.8397375081492635,7.926663578553018,1.5495999999999999,3.56408,19.181273760000003
11.700000000000001,2.046600317444494,1.9414215889246889,8.120805737445487,1.5335079999999968,3.7174308,19.553016840000005
11.8,1.7754732008362009,2.0437516047969138,8.325180897925177,1.297492,3.84718,19.937734840000005
11.9,1.7720394522445229,2.1325252648387236,8.53843342440905,1.2814000000000014,3.97532,20.335266840000003
12.0,1.8033787132529264,2.2211272374509496,8.760546148154145,1.2814000000000014,4.10346,20.745612840000003
12.100000000000001,1.8332108503965878,2.311296173113596,8.991675765465505,1.2814000000000014,4.2316,21.168772840000003
12.200000000000001,1.8627997894636168,2.402956715633425,9.231971437028848,1.2814000000000014,4.35974,21.604746840000004
12.3,1.8081066401253743,2.4960967051066056,9.481581107539508,1.251004,4.4848404,22.053230880000005
12.4,0.6079878746543014,2.5865020371128744,9.740231311250795,0.8051959999999969,4.56536,22.509766880000004
12.5,0.5934302834060928,2.61690143084559,10.001921454335355,0.7747999999999955,4.64284,22.974050880000004
12.600000000000001,0.6212021392346323,2.6465729450158944,10.266578748836944,0.7748000000000044,4.72032,23.446082880000002
12.700000000000001,0.647273072963366,2.677633051977626,10.534342054034706,0.7747999999999955,4.7978,23.925862880000004
12.8,0.6731765891164148,2.7099967056257945,10.805341724597286,0.7748000000000044,4.87528,24.413390880000005
12.9,0.5951004738010764,2.743655535081615,11.079707278105447,0.7372520000000016,4.9490052,24.908291400000007
13.0,0.4822665927651224,2.773410558771669,11.357048333982615,0.18654800000000193,4.96766,25.405057400000008
13.100000000000001,0.4499264705071748,2.797523888409925,11.636800722823608,0.14899999999999913,4.98256,25.90331340000001
13.200000000000001,0.4508477609384943,2.820020211935284,11.918802744017137,0.14899999999999913,4.99746,26.40305940000001
13.3,0.45115450383454514,2.842562599982209,12.203059004015358,0.14899999999999913,5.01236,26.90429540000001
13.4,0.45146508435569205,2.865120325173936,12.489571036532752,0.14899999999999913,5.02726,27.40702140000001
13.5,0.42012084078748163,2.8876935793917204,12.778340394471924,0.11502799999999702,5.0387628,27.91089768000001
13.600000000000001,-0.043385031427428444,2.9086996214310945,13.069210356615033,-0.38322799999999546,5.00044,28.410941680000008
13.700000000000001,-0.06968497678971927,2.9065303698597234,13.359863393601005,-0.41720000000000645,4.95872,28.906813680000006
13.8,-0.07253998857624513,2.903046121020237,13.650168005703028,-0.4171999999999976,4.917,29.398513680000008
13.9,-0.0758271796769061,2.899419121591425,13.94010991786217,-0.4171999999999976,4.87528,29.88604168000001
14.0,-0.07911057418327978,2.89562776260758,14.229672694122929,-0.4171999999999976,4.83356,30.36939768000001
14.100000000000001,-0.09239191012470752,2.891672233898416,14.51883991751277,-0.42792799999999964,4.7907672,30.848474400000008
14.200000000000001,-0.17176583147065627,2.8870526383921806,14.807545181351987,-0.5852720000000033,4.73224,31.321698400000006
14.3,-0.1736491717550011,2.8784643468186477,15.09539161603385,-0.5959999999999965,4.67264,31.788962400000006
14.4,-0.17439826103559114,2.8697818882308974,15.38236980485694,-0.5960000000000054,4.61304,32.25026640000001
14.5,-0.17516510382217393,2.8610619751791178,15.668476002374852,-0.5959999999999965,4.55344,32.705610400000005
14.600000000000001,-0.17591230672306085,2.852303719988009,15.953706374373652,-0.5960000000000054,4.49384,33.15499440000001
14.700000000000001,-0.17813108687468657,2.843508104651856,16.238057184838837,-0.6031519999999979,4.4335248,33.59834688000001
14.8,-0.19682459496481167,2.834601550308122,16.52151733986965,-0.7080479999999945,4.36272,34.03461888000001
14.9,-0.19811846216681825,2.8247603205598812,16.80399337192564,-0.7152000000000047,4.2912,34.46373888000001
15.0,-0.19865235427472464,2.8148543974515405,17.085478811670793,-0.7151999999999958,4.21968,34.88570688000001
15.100000000000001,-0.19923871670601398,2.8049217797378043,17.365970989644573,-0.7152000000000047,4.14816,35.30052288000001
15.200000000000001,-0.19976429434461232,2.794959843902504,17.645466974034825,-0.7151999999999958,4.07664,35.70818688000001
15.3,-0.2064215881476146,2.7849716291852733,17.92396413695335,-0.7670520000000014,3.9999348,36.108180360000006
15.4,-0.3127900365032746,2.774650549777893,18.20142919193114,-1.527548000000003,3.84718,36.492898360000005
15.5,-0.31575486894194577,2.759011047952729,18.477330296726414,-1.5793999999999997,3.68924,36.861822360000005
15.600000000000001,-0.31701902246512864,2.743223304505632,18.751652627176977,-1.5793999999999997,3.5313,37.214952360000005
15.700000000000001,-0.31820984763157106,2.7273723533823753,19.024389862515214,-1.5793999999999997,3.37336,37.552288360000006
15.8,-0.3194420506215151,2.711461861000797,19.295536048615293,-1.5793999999999997,3.21542,37.87383036000001
15.9,-0.32176177901419756,2.695489758469721,19.565085024462267,-1.5883400000000014,3.056586,38.17948896000001
16.0,-0.33505244918872423,2.6794016695190113,19.83302519141417,-1.719459999999997,2.88464,38.467952960000005
16.1,-0.3375059105358061,2.662649047059575,20.099290096120125,-1.7283999999999988,2.7118,38.739132960000006
16.2,-0.3393277416839528,2.6457737515327846,20.363867471273405,-1.7284000000000033,2.53896,38.993028960000004
16.3,-0.3413526217095318,2.628807364448587,20.626748207718265,-1.7283999999999988,2.36612,39.229640960000005
16.400000000000002,-0.3433267590085205,2.6117397333631107,20.887922181054577,-1.7283999999999988,2.19328,39.44896896
16.5,-0.34358574260032193,2.5945733954126844,21.147379520595845,-1.7033680000000029,2.0229432,39.65126328
16.6,-0.31827827785923296,2.577394108282668,21.405118931424113,-1.3362319999999972,1.88932,39.84019528
16.7,-0.3190850523181445,2.5614801943897065,21.661266950863084,-1.3112000000000013,1.7582,40.016015280000005
16.8,-0.321051122204473,2.545525941773799,21.915819545040463,-1.311199999999999,1.62708,40.17872328000001
16.900000000000002,-0.32291956969232755,2.529473385663575,22.16876688360682,-1.3112000000000013,1.49596,40.32831928000001
17.0,-0.3247614037722234,2.513327407178959,22.420099624324717,-1.311199999999999,1.36484,40.46480328000001
17.1,-0.3208154521579258,2.4970893369903475,22.669808558023753,-1.2217999999999996,1.24266,40.58906928000001
17.2,0.013031791772843632,2.4810485643824514,22.917913414462,0.08939999999999948,1.2516,40.71422928000001
17.3,0.09044556396100913,2.4817001539710937,23.166083429859107,0.17879999999999896,1.26948,40.84117728000001
17.400000000000002,0.0526765672828613,2.486222432169144,23.41470567307602,0.17880000000000118,1.28736,40.969913280000014
17.5,0.053904995445900446,2.4888562605332876,23.66359129912935,0.17879999999999896,1.30524,41.100437280000016
17.6,0.05315462454079284,2.4915515103055825,23.912746450159908,0.17880000000000118,1.32312,41.232749280000014
17.7,0.12196584149848749,2.494209241532622,24.16216737431317,0.2324399999999982,1.346364,41.36738568000001
17.8,0.17300263568725427,2.5003075336075464,24.412198127673925,1.0191600000000012,1.44828,41.51221368000001
17.900000000000002,0.35425705902395005,2.5089576653919092,24.663093894213116,1.0728000000000004,1.55556,41.667769680000006
18.0,0.38277622878055717,2.5266705183431064,24.915760946047428,1.0728000000000004,1.66284,41.834053680000004
18.1,0.4163964337966999,2.5458093297821343,25.170341879025642,1.0727999999999982,1.77012,42.01106568
18.2,0.4496179698564502,2.566629151471969,25.427004794172838,1.0728000000000004,1.8774,42.19880568
18.3,0.5172173215177953,2.589110049964791,25.685915799169315,1.0853160000000006,1.9859316,42.39739884
18.400000000000002,1.0561287741436831,2.614970916040681,25.947412890773382,1.2688840000000012,2.11282,42.60868084
18.5,1.1065333747391615,2.6677773547478654,26.21419062624817,1.281399999999997,2.24096,42.83277684
18.6,1.1391725708609235,2.723104023484823,26.48650102859665,1.2814000000000014,2.3691,43.06968684
18.7,1.1721755455532166,2.780062652027869,26.764507293799436,1.2814000000000014,2.49724,43.31941084
18.8,1.2049099377841777,2.83867142930553,27.04837443672999,1.281399999999997,2.62538,43.58194884
18.900000000000002,1.247278765305555,2.8989169261947385,27.338266129349464,1.2849760000000021,2.7538776,43.857336600000004
19.0,1.42412116655194,2.9612808644600164,27.634394215795464,1.3374240000000004,2.88762,44.1460986
19.1,1.4612027727794124,3.0324869227876134,27.937642908074224,1.341000000000001,3.02172,44.4482706
19.200000000000003,1.4930208254383601,3.1055470614265843,28.24819761421688,1.3409999999999966,3.15582,44.7638526
19.3,1.5247548004824554,3.180198102698502,28.56621742448673,1.341000000000001,3.28992,45.0928446
19.400000000000002,1.5562237582597058,3.2564358427226248,28.891861008758994,1.341000000000001,3.42402,45.4352466
19.5,1.5712829935505368,3.33424703063561,29.225285711822554,1.3374240000000004,3.5577624,45.79102284
19.6,1.464194503910562,3.412811180313137,29.56656682985387,1.2849759999999977,3.68626,46.159648839999996
19.700000000000003,1.489562514716586,3.4860209055086653,29.915168920404735,1.2814000000000014,3.8144,46.54108883999999
19.8,1.5199201625224716,3.5604990312444946,30.271218823529185,1.2814000000000014,3.94254,46.93534283999999
19.900000000000002,1.549842121125668,3.636495039370618,30.634868327466247,1.2814000000000014,4.07068,47.34241083999999
20.0,1.5795170285361568,3.713987145426901,31.006267042008936,1.2814000000000014,4.19882,47.76229283999999
20.1,1.5397656677806133,3.792962996853709,31.385563341694308,1.2563679999999966,4.3244568,48.194738519999994
20.200000000000003,0.556703713097115,3.8699512802427396,31.772558469718582,0.8892319999999998,4.41338,48.636076519999996
20.3,0.5499670009694524,3.897786465897595,32.16233711630834,0.864199999999995,4.4998,49.08605651999999
20.400000000000002,0.5780702055115844,3.9252848159460676,32.55486559790295,0.8642000000000039,4.58622,49.54467851999999
20.5,0.6047526567892639,3.954188326221647,32.950284430525116,0.8642000000000039,4.67264,50.01194251999999
20.6,0.63127688180015,3.9844259590611104,33.34872702643123,0.864199999999995,4.75906,50.48784851999999
20.700000000000003,0.5834850770921565,4.015989803151118,33.75032600674634,0.8373800000000031,4.842798,50.972128319999996
20.8,-0.474926373945259,4.045164057005726,34.15484241244691,0.4440199999999983,4.8872,51.46084832
20.900000000000002,-0.4872051080975165,4.021417738308463,34.55698418627776,0.4171999999999976,4.92892,51.953740319999994
21.0,-0.4620856801804061,3.997057482903587,34.95668993456812,0.41720000000000645,4.97064,52.450804319999996
21.1,-0.4384190913372472,3.973953198894567,35.35408525445757,0.4171999999999976,5.01236,52.952040319999995
21.200000000000003,-0.41485292193931467,3.9520322443277047,35.74928847889034,0.4171999999999976,5.05408,53.45744832
21.3,-0.4754302138462487,3.931289598230739,36.142417438713416,0.38680400000000503,5.0927604,53.96672436
21.400000000000002,0.16581109626522056,3.9075180875384268,36.53316924746726,-0.05900400000000694,5.08686,54.47541036
21.5,0.12482504489023533,3.9158086423516876,36.92475011170242,-0.08939999999999948,5.07792,54.98320236
21.6,0.12441041089059265,3.9220498945961992,37.316955101162044,-0.08939999999999948,5.06898,55.49010036
21.700000000000003,0.12325245056827329,3.928270415140729,37.70978214267612,-0.08939999999999948,5.06004,55.99610436
21.8,0.12210535087933545,3.9344330376691428,38.103225446443034,-0.08939999999999948,5.0511,56.50121436
21.900000000000002,0.08264537755550617,3.9405383052131095,38.49727927696434,-0.13052400000000297,5.0380476,57.00501912
22.0,-0.3636039617386024,3.944670574090885,38.89174633437343,-0.733675999999992,4.96468,57.50148712
22.1,-0.41064011451804366,3.926490376003955,39.28439537197382,-0.7748000000000044,4.8872,57.99020712
22.200000000000003,-0.42238804476676733,3.9059583702780527,39.674991209001625,-0.7747999999999955,4.80972,58.47117912
22.3,-0.435326927738609,3.8848389680397144,40.063475105805594,-0.7748000000000044,4.73224,58.944403120000004
22.400000000000002,-0.44818757606148346,3.863072621652784,40.449782367970876,-0.7748000000000044,4.65476,59.40987912000001
22.5,-0.46876314083710835,3.8406632428497103,40.83384869225585,-0.7980439999999955,4.5749556,59.867374680000005
22.6,-0.4405076011656271,3.8172250858078547,41.215571200836635,-1.138956000000002,4.46106,60.313480680000005
22.700000000000003,-0.4472789304409175,3.7951997057495737,41.59509117141159,-1.1622000000000021,4.34484,60.74796468
22.8,-0.4494555171126175,3.7728357592275277,41.97237474733434,-1.1621999999999932,4.22862,61.170826680000005
22.900000000000002,-0.45217818863090525,3.7503629833718968,42.347411045671535,-1.1622000000000021,4.1124,61.582066680000004
23.0,-0.45501650044598624,3.7277540739403516,42.72018645306557,-1.1622000000000021,3.99618,61.98168468
23.1,-0.4592872634863103,3.705003248918052,43.09068677795738,-1.1711399999999994,3.879066,62.36959128
23.200000000000003,-0.48536490132521665,3.6820388857437365,43.45889066653175,-1.3022599999999995,3.74884,62.74447528
23.3,-0.4889694857005863,3.6577706406774757,43.8246677305995,-1.3112000000000013,3.61772,63.106247280000005
23.400000000000002,-0.4921660153339008,3.633322166392446,44.187999947238744,-1.3111999999999968,3.4866,63.45490728000001
23.5,-0.4953395629459082,3.6087138656257514,44.548871333801316,-1.3112000000000013,3.35548,63.79045528000001
23.6,-0.49850178156444125,3.583946887478456,44.90726602254916,-1.3112000000000013,3.22436,64.11289128000001
23.700000000000003,-0.5040756042098561,3.5590217984002344,45.26316820238918,-1.3255039999999996,3.0918096,64.42207224000002
23.8,-0.5384695239732991,3.5338180181897414,45.61655000420816,-1.5352960000000015,2.93828,64.71590024000002
23.900000000000002,-0.5431561682943015,3.5068945419910764,45.96723945840726,-1.5495999999999999,2.78332,64.99423224000003
24.0,-0.5469442590017967,3.4797367335763614,46.3152131317649,-1.5495999999999999,2.62836,65.25706824000002
24.1,-0.5511349871388518,3.4523895206262716,46.66045208382753,-1.5495999999999999,2.4734,65.50440824000002
24.200000000000003,-0.555043326957355,3.4248327712693287,47.00293536095446,-1.5495999999999999,2.31844,65.73625224000001
24.3,-0.5582071351781551,3.3970806049214612,47.3426434214466,-1.5388719999999978,2.1645528,65.95270752000002
24.400000000000002,-0.5415835854797391,3.369170248162553,47.679560446262855,-1.3815279999999985,2.0264,66.15534752000002
24.5,-0.5455977576704361,3.3420910688885663,48.01376955315171,-1.370800000000001,1.88932,66.34427952000001
24.6,-0.5495765677763379,3.3148111810050445,48.34525067125222,-1.370800000000001,1.75224,66.51950352000001
24.700000000000003,-0.5540396141989892,3.2873323526162275,48.67398390651384,-1.370800000000001,1.61516,66.68101952000002
24.8,-0.5583710993794189,3.259630371906278,48.999946943704465,-1.3707999999999987,1.47808,66.82882752000002
24.900000000000002,-0.5566881275388855,3.231711816937307,49.323118125398196,-1.3189479999999998,1.3461852,66.96344604000002
25.0,-0.4634979174007216,3.203877410560363,49.643505866454234,-0.5584520000000004,1.29034,67.09248004000003
25.1,-0.46223009272122373,3.180702514690327,49.961576117923265,-0.5066000000000015,1.23968,67.21644804000003
25.200000000000003,-0.46566854599490765,3.157591010054266,50.27733521892869,-0.5065999999999993,1.18902,67.33535004000004
25.3,-0.4690298416770625,3.134307582754521,50.59076597720414,-0.5065999999999993,1.13836,67.44918604000004
25.400000000000002,-0.47254340903777625,3.1108560906706675,50.901851586271206,-0.5066000000000015,1.0877,67.55795604000005
25.5,-0.48076119955696434,3.0872289202187786,51.21057447829308,-0.5369959999999985,1.0340004,67.66135608000005
25.6,-0.5431906657192419,3.0631908602409306,51.51689356431718,-0.9828040000000204,0.935719999999998,67.75492808000004
25.700000000000003,-0.5486916308510997,3.0360313269549684,51.82049669701268,-1.0131999999999997,0.834399999999998,67.83836808000004
25.8,-0.5525541569091467,3.0085967454124134,52.12135637155392,-1.0131999999999908,0.733079999999999,67.91167608000003
25.900000000000002,-0.556634946234722,2.9809690375669557,52.419453275310616,-1.0131999999999897,0.63176,67.97485208000003
26.0,-0.5612147818064142,2.9531372902552198,52.71476700433614,-1.0132000000000096,0.530439999999999,68.02789608000003
26.1,-0.5614929968561201,2.9250765511648993,53.00727465945263,-0.9738640000000004,0.433053599999999,68.07120144000004
26.200000000000003,-0.49983658314751034,2.8970019013220933,53.296974849584835,-0.39693599999998996,0.39336,68.11053744000004
26.3,-0.5024311299421056,2.872010072164718,53.58417585680131,-0.35760000000000014,0.3576,68.14629744000004
26.400000000000002,-0.5069883751473108,2.846888515667613,53.86886470836807,-0.3575999999999996,0.32184,68.17848144000004
26.5,-0.5113921346245637,2.8215390969102474,54.1510186180591,-0.35760000000001013,0.286079999999999,68.20708944000005
26.6,-0.5150862681616651,2.7959694901790195,54.430615567077,-0.35760000000000014,0.250319999999999,68.23212144000004
26.700000000000003,-0.5149120579034338,2.770215176770936,54.70763708475409,-0.32362799999999,0.2179572,68.25391716000004
26.8,-0.2902281541907086,2.7444695738757643,54.982084042141665,0.174628,0.23542,68.27745916000005
26.900000000000002,-0.3763206079898929,2.729958166166229,55.255079858758286,0.20860000000000017,0.25628,68.30308716000005
27.0,-0.369173453848062,2.7111421357667345,55.52619407233496,0.2085999999999999,0.27714,68.33080116000005
27.1,-0.3663864451128257,2.6926834630743315,55.795462418642394,0.2085999999999999,0.298,68.36060116000004
27.200000000000003,-0.3632733265356259,2.6743641408186902,56.062898832724265,0.2085999999999999,0.31886,68.39248716000004
27.3,-0.2623344416543322,2.656200474491909,56.328518880173455,0.28190800000000016,0.3470508,68.42719224000004
27.400000000000002,0.3126716696030696,2.6430837524091926,56.59282725541438,1.3570920000000102,0.482760000000001,68.47546824000004
27.5,0.27815386942970105,2.658717335889346,56.858698989003315,1.4304,0.625800000000001,68.53804824000004
27.6,0.316470987072121,2.672625029360831,57.1259614919394,1.4303999999999994,0.768840000000001,68.61493224000004
27.700000000000003,0.3493299113196392,2.6884485787144374,57.39480634981084,1.4304000000000006,0.911880000000001,68.70612024000005
27.8,0.38324287621672093,2.705915074280419,57.66539785723889,1.4303999999999906,1.05492,68.81161224000004
27.900000000000002,0.43187279890542063,2.725077218091255,57.937905579048014,1.4357639999999994,1.1984964,68.93146188000004
28.0,0.5160629033711288,2.746670858036526,58.21257266485166,1.514435999999999,1.34994,69.06645588000005
28.1,0.5536152069115021,2.7705445094677414,58.489627115798434,1.5198,1.50192,69.21664788000005
28.200000000000003,0.7604657389044129,2.719747977626012,58.76160191356104,1.5198,1.6539,69.38203788000006
28.3,0.8396535355179453,2.680403977626012,59.02964231132364,1.5198,1.80588,69.56262588000006
28.400000000000002,0.9090933866974287,2.6528903791176095,59.294931349235405,1.5198,1.95786,69.75841188000005
28.5,0.9382281004462962,2.6470830205097657,59.55963965128638,1.518012000000002,2.1096612,69.96937800000005
28.6,0.9707445591537226,2.6517352191424446,59.824813173200624,1.4917880000000006,2.25884,70.19526200000004
28.700000000000003,1.0078219730789089,2.665912551199612,60.09140442832059,1.4900000000000002,2.40784,70.43604600000005
28.8,1.024436059794554,2.6983743811196406,60.36124186643255,1.4899999999999958,2.55684,70.69173000000005
28.900000000000002,1.0574081591266513,2.736192583479687,60.63486112478052,1.4900000000000002,2.70584,70.96231400000005
29.0,1.084915127800739,2.781223047012205,60.91298342948174,1.4900000000000002,2.85484,71.24779800000005
29.1,1.1049875017565423,2.835468803402242,61.196530309821966,1.4882119999999999,3.0036612,71.54816412000005
29.200000000000003,1.1287388945346966,2.8907181784900695,61.48560212767097,1.4619880000000007,3.14986,71.86315012000006
29.3,1.1646656699659543,2.9471551232168043,61.78031763999265,1.4602000000000004,3.29588,72.19273812000006
29.400000000000002,1.2092249235911163,3.005388406715102,62.08085648066416,1.4602000000000004,3.4419,72.53692812000006
29.5,1.2534221511276156,3.0658496528946575,62.38744144595363,1.4602000000000004,3.58792,72.89572012000005
29.6,1.2973607179265851,3.128520760451038,62.70029352199873,1.4602000000000004,3.73394,73.26911412000005
29.700000000000003,1.3273962704275697,3.1933887963473673,63.019632401633466,1.447683999999998,3.8787084,73.65698496000006
29.8,1.2405865688553008,3.2597586098687454,63.34560826262034,1.2641159999999996,4.00512,74.05749696000007
29.900000000000002,1.2689342273716693,3.3217879383115108,63.67778705645149,1.2516000000000016,4.13028,74.47052496000006
30.0,1.2926886260159884,3.3852346496800942,64.0163105214195,1.2516000000000016,4.25544,74.89606896000006
30.1,1.316718838699142,3.4498690809808936,64.36129742951759,1.2516000000000016,4.3806,75.33412896000006
30.200000000000003,1.3406639239631757,3.5157050229158506,64.71286793180917,1.2516000000000016,4.50576,75.78470496000006
30.3,1.3502282456953398,3.5827382191140096,65.07114175372057,1.2086879999999933,4.6266288,76.24736784000005
30.400000000000002,-0.2547682776974792,3.6502496313987765,65.43616671686044,0.5793120000000052,4.68456,76.71582384000006
30.5,-0.28984798606434015,3.6375112175139024,65.79991783861183,0.5363999999999969,4.7382,77.18964384000006
30.6,-0.2614087381695288,3.623018818210685,66.1622197204329,0.5363999999999969,4.79184,77.66882784000006
30.700000000000003,-0.2353590570080503,3.6099483813022086,66.52321455856313,0.5364000000000058,4.84548,78.15337584000007
30.8,-0.2094039036208863,3.598180428451806,66.8830326014083,0.5363999999999969,4.89912,78.64328784000007
30.900000000000002,-0.2577373529450504,3.5877102332707618,67.24180362473538,0.509580000000005,4.950078,79.13829564000007
31.0,0.3113401978344461,3.5748233656235096,67.59928596129774,0.11622000000000021,4.9617,79.63446564000007
31.1,0.27634569252191166,3.5903903755152315,67.95832499884926,0.08939999999999948,4.97064,80.13152964000007
31.200000000000003,0.2771857207497966,3.604207660141327,68.3187457648634,0.08939999999999948,4.97958,80.62948764000006
31.3,0.2773669541375918,3.618066946178817,68.68055245948128,0.08939999999999948,4.98852,81.12833964000006
31.400000000000002,0.277555539802827,3.6319352938856966,69.04374598886984,0.08939999999999948,4.99746,81.62808564000007
31.5,0.2577515034600242,3.645813070875838,69.40832729595743,0.06794399999999534,5.0042544,82.12851108000007
31.6,-0.034996728773050156,3.6587006460488394,69.77419736056231,-0.2467439999999943,4.97958,82.62646908000006
31.700000000000003,-0.05161491266272102,3.656950809610187,70.13989244152333,-0.2682000000000073,4.95276,83.12174508000007
31.8,-0.05342578044486421,3.654370063977051,70.50532944792103,-0.26819999999999844,4.92594,83.61433908000006
31.900000000000002,-0.0555096136176551,3.6516987749548075,70.8704993254165,-0.26819999999999844,4.89912,84.10425108000007
32.0,-0.05759105864998045,3.6489232942739247,71.2353916548439,-0.26819999999999844,4.8723,84.59148108000007
32.1,-0.08965681191072764,3.6460437413414257,71.59999602897804,-0.30038400000000465,4.8422616,85.07570724000007
32.2,-0.6641974189991761,3.6415609007458896,71.96415211905263,-0.772415999999998,4.76502,85.55220924000007
32.300000000000004,-0.6614374335626836,3.608351029795931,72.32498722203222,-0.8045999999999953,4.68456,86.02066524000007
32.4,-0.6265197610613996,3.5752791581177967,72.682515137844,-0.8046000000000042,4.6041,86.48107524000007
32.5,-0.6345829553794547,3.543953170064727,73.03691045485049,-0.8045999999999953,4.52364,86.93343924000007
32.6,-0.6398421094030419,3.5122240222957544,73.38813285708007,-0.8046000000000042,4.44318,87.37775724000007
32.7,-0.6038649330272012,3.480231916825602,73.73615604876262,-0.831419999999996,4.360038,87.81376104000006
32.800000000000004,-0.5058273686964472,3.4500386701742416,74.08115991578005,-1.2247800000000009,4.23756,88.23751704000006
32.9,-0.5211599969678166,3.424747301739419,74.423634645954,-1.2516000000000016,4.1124,88.64875704000006
33.0,-0.5243846953852829,3.3986893018910287,74.7635035761431,-1.2516000000000016,3.98724,89.04748104000006
33.1,-0.5282915315239036,3.3724700671217644,75.10075058285527,-1.2515999999999972,3.86208,89.43368904000006
33.2,-0.5323608503828461,3.3460554905455693,75.43535613190983,-1.2516000000000016,3.73692,89.80738104000007
33.300000000000004,-0.540056301724851,3.3194374480264273,75.76729987671247,-1.265904,3.6103296,90.16841400000007
33.4,-0.5981903773345977,3.292434632940185,76.09654334000649,-1.475696000000002,3.46276,90.51469000000007
33.5,-0.6028636700056683,3.262525114073455,76.42279585141384,-1.4900000000000002,3.31376,90.84606600000008
33.6,-0.6075683084623951,3.2323819305731716,76.74603404447116,-1.4900000000000002,3.16476,91.16254200000007
33.7,-0.6128287102769837,3.202003515150052,77.06623439598616,-1.4899999999999958,3.01576,91.46411800000007
33.800000000000004,-0.6185580353530137,3.1713620796362028,77.38337060394977,-1.4900000000000002,2.86676,91.75079400000007
33.9,-0.6283666164394344,3.140434177868552,77.69741402173662,-1.506092000000101,2.71615079999999,92.02240908000007
34.0,-0.6872636758738717,3.10901584704658,78.00831560644127,-1.742108,2.54193999999999,92.27660308000007
34.1,-0.6938901056938029,3.0746526632528863,78.31578087276657,-1.758200000000003,2.36611999999999,92.51321508000007
34.2,-0.6996257689542352,3.0399581579681962,78.61977668856339,-1.7581999999998965,2.1903,92.73224508000007
34.300000000000004,-0.7062325085388419,3.004976869520484,78.92027437551543,-1.758200000000003,2.01448,92.93369308000007
34.4,-0.7125955404528557,2.969665244093542,79.21724089992479,-1.7581999999999987,1.83866,93.11755908000006
34.5,-0.7125434556801685,2.934035467070899,79.51064444663189,-1.7295919999999998,1.6657008,93.28412916000006
34.6,-0.6323110194102068,2.8984082942868907,79.80048527606057,-1.3100080000000003,1.5347,93.43759916000006
34.7,-0.6375257396674469,2.8667927433163802,80.0871645503922,-1.2813999999999992,1.40656,93.57825516000007
34.800000000000004,-0.6436878144621943,2.8349164563330076,80.37065619602551,-1.2814000000000014,1.27842,93.70609716000007
34.9,-0.6487561729433606,2.8027320656098977,80.6509294025865,-1.2813999999999992,1.15028,93.82112516000007
35.0,-0.6555963148696173,2.77029425696273,80.92795882828277,-1.2813999999999992,1.02214,93.92333916000007
35.1,-0.6534079739053287,2.737514441219249,81.2017102724047,-1.2420640000000105,0.897933599999999,94.01313252000007
35.2,-0.553221235908487,2.704844042523983,81.4721946766571,-0.6651359999999995,0.831419999999999,94.09627452000007
35.300000000000004,-0.5573160593758101,2.677182980728559,81.73991297472995,-0.6257999999999908,0.76884,94.17315852000007
35.4,-0.5625025866427626,2.6493171777597686,82.00484469250593,-0.6258000000000097,0.706259999999999,94.24378452000008
35.5,-0.5675044445032073,2.6211920484276305,82.26696389734869,-0.6257999999999997,0.643679999999999,94.30815252000008
35.6,-0.5727229159206544,2.59281682620247,82.52624557996893,-0.6258000000000108,0.581099999999998,94.36626252000008
35.7,-0.5729416218877585,2.5641806804064373,82.78266364800957,-0.5971919999999897,0.521380799999999,94.41840060000008
35.800000000000004,-0.4866560289028228,2.5355335993120494,83.03621700794078,-0.17760799999999022,0.50362,94.46876260000009
35.9,-0.4846985195031688,2.511200797866908,83.28733708772747,-0.1489999999999997,0.48872,94.5176346000001
36.0,-0.4899658467644874,2.4869658718917496,83.53603367491664,-0.1489999999999997,0.47382,94.56501660000009
36.1,-0.4944996421566467,2.4624675795535254,83.78228043287199,-0.14900000000000024,0.45892,94.61090860000009
36.2,-0.49874288242072184,2.437742597445693,84.02605469261655,-0.1489999999999997,0.44402,94.65531060000009
36.300000000000004,-0.39278160060344547,2.412805453324657,84.26733523794903,-0.03277999999998005,0.440742000000002,94.69938480000009
36.4,0.4319412223621359,2.393166373294485,84.50665187527848,1.6717800000000098,0.607920000000003,94.7601768000001
36.5,0.8185538088467734,2.295544616481078,84.73620633692659,1.7880000000000096,0.786720000000004,94.8388488000001
36.6,0.952158480000155,2.203796045052506,84.95658594143184,1.7879999999999907,0.965520000000003,94.9354008000001
36.7,1.0507892147033735,2.132799184691612,85.169865859901,1.7879999999999696,1.14432,95.04983280000009
36.800000000000004,1.127023201963764,2.087736385785068,85.3786394984795,1.7880000000000007,1.32312,95.18214480000009
36.9,1.1950608757148045,2.0586637868004196,85.58450587715954,1.7719079999999998,1.5003108,95.3321758800001
37.0,0.9980413961396535,2.0548308877432504,85.78998896593387,1.5358919999999987,1.6539,95.4975658800001
37.1,1.0448748546191617,2.059104938618731,85.99589945979575,1.5198,1.80588,95.6781538800001
37.2,1.0831501394581957,2.074004585860246,86.20329991838177,1.5198,1.95786,95.8739398800001
37.300000000000004,1.0982175277926316,2.109131401155943,86.41421305849737,1.5198000000000023,2.10984,96.08492388000009
37.4,1.1265389709259794,2.152604872501945,86.62947354574756,1.5198,2.26182,96.31110588000008
37.5,1.1460992809313277,2.204673095894662,86.84994085533702,1.5054959999999973,2.4123696,96.55234284000008
37.6,1.0814998803805582,2.2619780599412285,87.07613866133114,1.2957039999999997,2.54194,96.80653684000008
37.7,1.1117485513281526,2.3160530539602564,87.30774396672717,1.2814000000000014,2.67008,97.07354484000008
37.800000000000004,1.1389895258203222,2.371640481526664,87.54490801487984,1.2814000000000014,2.79822,97.35336684000008
37.9,1.1664682676824418,2.42858995781768,87.78776701066161,1.281399999999997,2.92636,97.64600284000008
38.0,1.1939181885260892,2.486913371201802,88.03645834778179,1.2814000000000014,3.0545,97.95145284000007
38.1,1.2234977043255995,2.5466092806281067,88.2911192758446,1.2831880000000018,3.1828188,98.26973472000007
38.2,1.2631245554004922,2.6077841658443868,88.55189769242904,1.3094119999999965,3.31376,98.60111072000008
38.300000000000004,1.2882679804478332,2.670940393614411,88.81899173179048,1.3112000000000013,3.44488,98.94559872000008
38.400000000000006,1.313883328508846,2.735353792636803,89.09252711105415,1.3112000000000013,3.576,99.30319872000008
38.5,1.33941684017442,2.8010479590622452,89.37263190696038,1.3112000000000013,3.70712,99.67391072000008
38.6,1.3648971046195537,2.868018801070966,89.65943378706747,1.3111999999999968,3.83824,100.05773472000008
38.7,1.3879258317316407,2.9362636563019437,89.95306015269766,1.3040479999999999,3.9686448,100.45459920000009
38.800000000000004,1.3521528569702457,3.0056599478885255,90.25362614748651,1.1991520000000033,4.08856,100.86345520000009
38.900000000000006,1.3652576501548348,3.073267590737038,90.56095290656022,1.192000000000002,4.20776,101.2842312000001
39.0,1.396121320696874,3.1415304732447797,90.8751059538847,1.191999999999993,4.32696,101.7169272000001
39.1,1.4260968649431742,3.2113365392796234,91.19623960781266,1.192000000000002,4.44616,102.1615432000001
39.2,1.4558335984534803,3.282641382526782,91.52450374606534,1.192000000000002,4.56536,102.6180792000001
39.300000000000004,1.4754269032278609,3.355433062449456,91.86004705231028,1.188424000000099,4.68420240000001,103.0864994400001
39.400000000000006,1.360036760842654,3.429204407610849,92.20296749307137,1.1359759999998964,4.7978,103.5662794400001
39.5,1.3838967080413453,3.4972062456529818,92.55268811763666,1.1324000000000023,4.91104,104.05738344000011
39.6,1.4125087419691118,3.566401081055049,92.90932822574217,1.1324000000000023,5.02428,104.5598114400001
39.7,1.4406926942756586,3.6370265181535046,93.27303087755752,1.1324000000000023,5.13752,105.0735634400001
39.800000000000004,1.4686288804744678,3.709061152867288,93.64393699284425,1.1323999999999934,5.25076,105.5986394400001
39.900000000000006,1.2986757059779668,3.7824925968910112,94.02218625253334,1.0608800000000063,5.356848,106.1343242400001
40.0,0.20156519044576832,3.8474263821899095,94.40692889075234,0.011919999999996378,5.35804,106.6701282400001
40.1,0.15466370295757162,3.8575046417121976,94.79267935492356,-0.05959999999999965,5.35208,107.2053362400001
40.2,0.15475591348047962,3.865237826860076,95.17920313760958,-0.05959999999999965,5.34612,107.73994824000009
40.300000000000004,0.1539859538414394,3.8729756225341,95.56650069986298,-0.05959999999999965,5.34016,108.27396424000008
40.400000000000006,0.15322740519459013,3.880674920226172,95.9545681918856,-0.05959999999999965,5.3342,108.80738424000009
40.5,0.09250085883089554,3.888336290485902,96.34340182093419,-0.12396800000000319,5.3218032,109.33956456000008
40.6,-0.8004815785088985,3.8929613334274467,96.73269795427693,-1.0680319999999988,5.215,109.86106456000009
40.7,-0.7101405229084464,3.8529372545020015,97.11799167972713,-1.1324000000000023,5.10176,110.37124056000009
40.800000000000004,-0.6174438393633822,3.8174302283565793,97.49973470256279,-1.1323999999999934,4.98852,110.87009256000009
40.900000000000006,-0.6257367612134684,3.78655803638841,97.87839050620163,-1.1324000000000023,4.87528,111.35762056000009
41.0,-0.5244057875263739,3.7552711983277365,98.2539176260344,-1.1324000000000023,4.76204,111.83382456000008
41.1,-0.5374786262652301,3.729050908951418,98.62682271692954,-1.148492000000001,4.6471908,112.29854364000008
41.2,-0.6198769242645747,3.702176977638157,98.99704041469336,-1.3845079999999932,4.50874,112.74941764000008
41.300000000000004,-0.6266576996750025,3.671183131424928,99.36415872783586,-1.4006000000000007,4.36868,113.18628564000008
41.400000000000006,-0.631653643038795,3.6398502464411777,99.72814375247998,-1.4006000000000007,4.22862,113.60914764000007
41.5,-0.636781014186684,3.608267564289238,100.0889705089089,-1.4006000000000007,4.08856,114.01800364000007
41.6,-0.6424155582490774,3.576428513579904,100.4466133602669,-1.4006000000000007,3.9485,114.41285364000008
41.7,-0.649188790687525,3.54430773566745,100.80104413383364,-1.4077520000000021,3.8077248,114.79362612000008
41.800000000000004,-0.6862369226256988,3.5118482961330737,101.15222896344694,-1.5126479999999987,3.65646,115.15927212000008
41.900000000000006,-0.6926378799539182,3.4775364500017885,101.49998260844713,-1.5198,3.50448,115.50972012000008
42.0,-0.6987885890837425,3.4429045560040925,101.84427306404754,-1.5198,3.3525,115.84497012000008
42.1,-0.7045209676781077,3.4079651265499056,102.18506957670253,-1.5198,3.20052,116.16502212000009
42.2,-0.7115261924478291,3.372739078166,102.52234348451913,-1.5198,3.04854,116.4698761200001
42.300000000000004,-0.7157156344305391,3.3371627685436085,102.85605976137349,-1.5144360000001011,2.89709639999999,116.75958576000009
42.400000000000006,-0.7008239455283403,3.3013769868220812,103.1861974600557,-1.4357639999999972,2.75351999999999,117.03493776000009
42.5,-0.7068195138551333,3.266335789545664,103.51283103901027,-1.4303999999999029,2.61048,117.2959857600001
42.6,-0.7129236429323877,3.2309948138529077,103.83593052039555,-1.4304000000000006,2.46744,117.5427297600001
42.7,-0.7197439664193798,3.1953486317062882,104.15546538356618,-1.4304000000000006,2.3244,117.7751697600001
42.800000000000004,-0.7255649042307772,3.1593614333853193,104.47140152690471,-1.4303999999999961,2.18136,117.9933057600001
42.900000000000006,-0.7328312956898804,3.1230831881737804,104.78370984572209,-1.4304000000000006,2.03832,118.1971377600001
43.0,-0.739252881699938,3.0864416233892866,105.09235400806101,-1.4304000000000006,1.89528,118.3866657600001
43.1,-0.7458575771461591,3.04947897930429,105.39730190599144,-1.4304000000000006,1.75224,118.5618897600001
43.2,-0.7525602176792143,3.012186100446982,105.69852051603614,-1.4304000000000006,1.6092,118.7228097600001
43.300000000000004,-0.7598197343455786,2.9745580895630215,105.99597632499244,-1.4304000000000006,1.46616,118.8694257600001
43.400000000000006,-0.7658642988903416,2.9365671028457427,106.28963303527702,-1.4303999999999983,1.32312,119.0017377600001
43.5,-0.769823248061661,2.898273887901226,106.57946042406715,-1.416096,1.1815104,119.1198888000001
43.6,-0.7285739601923233,2.859782725498143,106.86543869661696,-1.2063040000000003,1.06088,119.2259768000001
43.7,-0.7353271257214087,2.8233540274885267,107.14777409936582,-1.1920000000000108,0.941679999999999,119.3201448000001
43.800000000000004,-0.7416874644611301,2.786587671202456,107.42643286648607,-1.1919999999999997,0.822479999999999,119.4023928000001
43.900000000000006,-0.7490968191922025,2.7495032979793996,107.70138319628401,-1.1919999999999997,0.703279999999999,119.4727208000001
44.0,-0.7549047799900326,2.7120484570197894,107.97258804198599,-1.1919999999999797,0.584080000000001,119.5311288000001
44.1,-0.7562134606620101,2.6743032180202877,108.24001836378801,-1.1669680000000004,0.467383200000001,119.5778671200001
44.2,-0.6841345437252025,2.6364925449871874,108.50366761828673,-0.7998320000000098,0.3874,119.61660712000011
44.300000000000004,-0.6912610107281741,2.6022858178009276,108.76389620006682,-0.7748000000000005,0.30992,119.64759912000011
44.400000000000006,-0.6974695641854867,2.567722767264519,109.02066847679328,-0.7747999999999896,0.232440000000001,119.67084312000011
44.5,-0.7040047481910278,2.5328492890552443,109.2739534056988,-0.7747999999999899,0.154960000000002,119.68633912000011
44.6,-0.5082898725772665,2.3909238095342054,109.51304578665223,-0.7748,0.077480000000002,119.69408712000012
44.7,-0.42788572212854903,2.2357438095342084,109.73662016760565,-0.7283120000000074,0.00464880000000126,119.69455200000012
44.800000000000004,-0.2877684524296408,2.0763798802817606,109.94425815563383,-0.046488000000012596,0.0,119.69455200000012
44.900000000000006,-0.2504973581051791,1.928067031690202,110.13706485880286,0.0,0.0,119.69455200000012
45.0,-0.2205236722116438,1.7896054932286591,110.31602540812572,0.0,0.0,119.69455200000012
45.1,-0.18440878270843286,1.6519435322110696,110.48121976134684,0.0,0.0,119.69455200000012
45.2,-0.16053323265848696,1.5248709528102151,110.63370685662785,0.0,0.0,119.69455200000012
45.300000000000004,-0.13961996308671565,1.4075731872094326,110.7744641753488,0.0,0.0,119.69455200000012
45.400000000000006,-0.11750652853206654,1.295073187209432,110.90397149406974,0.0,0.0,119.69455200000012
45.5,-0.09817258404507997,1.187150421608649,111.0226865362306,0.0,0.0,119.69455200000012
45.6,-0.08335042339552438,1.0882212198079342,111.13150865821139,0.0,0.0,119.69455200000012
45.7,-0.06976344280008916,0.9975361181572729,111.23126227002712,0.0,0.0,119.69455200000012
45.800000000000004,-0.0573087105876113,0.9144081083108324,111.3227030808582,0.0,0.0,119.69455200000012
45.900000000000006,-0.045410066238079166,0.8325899264926463,111.40596207350747,0.0,0.0,119.69455200000012
46.0,-0.03802717949260519,0.7568999331751345,111.48165206682498,0.0,0.0,119.69455200000012
46.1,-0.03179049625905424,0.688090848341034,111.55046115165908,0.0,0.0,119.69455200000012
46.2,-0.026120784228551828,0.625537134855488,111.61301486514462,0.0,0.0,119.69455200000012
46.300000000000004,-0.020966500564459888,0.5686701225959043,111.66988187740421,0.0,0.0,119.69455200000012
46.400000000000006,-0.016280788142555812,0.5169728387235519,111.72157916127657,0.0,0.0,119.69455200000012
46.5,-0.012021049577186277,0.4699753079304997,111.76857669206962,0.0,0.0,119.69455200000012
46.6,-0.00701762654963549,0.4249753079305,111.81107422286267,0.0,0.0,119.69455200000012
46.7,-0.0025029126332425525,0.38247777713744335,111.84932200057642,0.0,0.0,119.69455200000012
46.800000000000004,0.0008358904945388068,0.3442299994236938,111.88374500051879,0.0,0.0,119.69455200000012
46.900000000000006,0.0038408133095401615,0.30980699948132917,111.91472570046692,0.0,0.0,119.69455200000012
47.0,0.006545243843044385,0.27882629953319815,111.94260833042024,0.0,0.0,119.69455200000012
47.1,0.008979231323199995,0.25094366957987313,111.96770269737823,0.0,0.0,119.69455200000012
47.2,0.01116982005533572,0.2258493026218863,111.99028762764041,0.0,0.0,119.69455200000012
47.300000000000004,0.01314134991425783,0.2032643723597024,112.01061406487638,0.0,0.0,119.69455200000012
47.400000000000006,0.014915726787289618,0.1829379351237369,112.02890785838875,0.0,0.0,119.69455200000012
47.5,0.016512665973018335,0.16464414161136653,112.04537227254988,0.0,0.0,119.69455200000012
47.6,0.017949911240174414,0.14817972745023178,112.0601902452949,0.0,0.0,119.69455200000012
47.7,0.01924343198061402,0.1333617547052105,112.07352642076543,0.0,0.0,119.69455200000012
47.800000000000004,0.020407600647013153,0.12002557923468282,112.0855289786889,0.0,0.0,119.69455200000012
47.900000000000006,0.021455352446766867,0.10802302131121644,112.09633128082002,0.0,0.0,119.69455200000012
48.0,0.02239832906655167,0.09722071918009101,112.10605335273803,0.0,0.0,119.69455200000012
48.1,0.023247008024349588,0.08749864726208523,112.11480321746424,0.0,0.0,119.69455200000012
48.2,0.02401081908637557,0.07874878253587292,112.12267809571783,0.0,0.0,119.69455200000012
48.300000000000004,0.024698249042195468,0.07087390428228468,112.12976548614606,0.0,0.0,119.69455200000012
48.400000000000006,0.025316936002431192,0.06378651385405953,112.13614413753146,0.0,0.0,119.69455200000012
48.5,0.025873754266647245,0.05740786246865548,112.14188492377832,0.0,0.0,119.69455200000012
48.6,0.026374890704437444,0.05166707622179467,112.1470516314005,0.0,0.0,119.69455200000012
48.7,0.026825913498455155,0.04650036859961426,112.15170166826046,0.0,0.0,119.69455200000012
48.800000000000004,0.027231834013062745,0.041850331739657576,112.15588670143443,0.0,0.0,119.69455200000012
48.900000000000006,0.03259412226301733,0.03766529856568945,112.15965323129099,0.00536400000000146,0.000536400000000146,119.69460564000012
49.0,0.1062523312161717,0.03395240870913108,112.1630484721619,0.08403599999999962,0.00894000000000011,119.69549964000012
49.1,0.11217815299772516,0.031451167838218,112.16619358894573,0.08939999999999991,0.0178800000000001,119.69728764000013
49.2,0.11305249202499035,0.030094051054395776,112.16920299405118,0.089400000000001,0.0268200000000002,119.69996964000012
49.300000000000004,0.11383694335738939,0.02976664594894396,112.17217965864607,0.0894,0.0357600000000002,119.70354564000012
49.400000000000006,0.11454049576440717,0.03036598135404256,112.17521625678148,0.08939999999999997,0.0447000000000002,119.70801564000011
49.5,0.21177912835003268,0.03179938321863085,112.17839619510335,0.193104000000002,0.0640104000000004,119.71441668000011
49.6,1.3388014472032153,0.0350204848967669,112.18189824359303,1.714095999999996,0.23542,119.73795868000012
49.7,1.4818139122004843,0.055060436407094016,112.18740428723373,1.81780000000002,0.417200000000002,119.77967868000012
49.800000000000004,1.5452569104238807,0.0912743927663845,112.19653172651037,1.8177999999999894,0.598980000000001,119.83957668000012
49.900000000000006,1.5770155688075058,0.1569429534897492,112.21222602185935,1.8178000000000005,0.780760000000001,119.91765268000012
50.0,1.6247255850041713,0.23579373193012448,112.23580539505237,1.8177999999999694,0.962539999999998,120.01390668000012
50.1,1.693168321214029,0.317030011180333,112.2675083961704,1.8213760000000212,1.1446776,120.12837444000012
50.2,1.832889898759847,0.4016884272410345,112.3076772388945,1.8738239999999995,1.33206,120.26158044000012
50.300000000000004,1.8867187263513625,0.49333292217902686,112.35701053111241,1.8774000000000002,1.5198,120.41356044000011
50.400000000000006,1.9436997565893117,0.587668858496595,112.41577741696207,1.8774000000000002,1.70754,120.58431444000011
50.5,2.000484616309949,0.6848538463260606,112.48426280159468,1.8774000000000002,1.89528,120.77384244000011
50.6,2.062893486335972,0.784878077141558,112.56275060930884,1.877399999999998,2.08302,120.98214444000011
50.7,2.130547994509565,0.8880227514583565,112.65155288445467,1.880976000000003,2.2711176,121.20925620000011
50.800000000000004,2.285640047681268,0.9945501511838347,112.75100789957305,1.933423999999997,2.46446,121.45570220000012
50.900000000000006,2.345453517272502,1.1088321535678982,112.86189111492985,1.937000000000002,2.65816,121.72151820000012
51.0,2.4050003255022023,1.2261048294315233,112.984501597873,1.9369999999999976,2.85186,122.00670420000012
51.1,2.4380863382695357,1.3463548457066334,113.11913708244367,1.937000000000002,3.04556,122.31126020000012
51.2,2.416868374280282,1.4682591626201102,113.26596299870569,1.9370000000000998,3.23926000000001,122.63518620000012
51.300000000000004,2.3970560610553218,1.5891025813341244,113.4248732568391,1.903028,3.42956280000001,122.97814248000012
51.400000000000006,1.7691723013884726,1.7089553843868905,113.59576879527779,1.4047719999999986,3.57004000000001,123.33514648000012
51.5,1.824755682500389,1.7974139994563143,113.77551019522342,1.3707999999999032,3.70712,123.70585848000012
51.6,1.8442920659541353,1.888651783581334,113.96437537358155,1.3707999999999965,3.8442,124.09027848000012
51.7,1.8660972543457424,1.9808663868790406,114.16246201226944,1.370800000000103,3.98128000000001,124.48840648000012
51.800000000000004,1.8875821901907464,2.074171249596328,114.36987913722908,1.3707999999998988,4.11836,124.90024248000012
51.900000000000006,1.9077291426898124,2.168550359105865,114.58673417313966,1.3672240000000002,4.2550824,125.32575072000012
52.0,1.9114525677227294,2.2639368162403555,114.81312785476369,1.314776000000002,4.38656,125.76440672000011
52.1,1.9306525554908947,2.359509444626492,115.04907879922634,1.3112000000000013,4.51768,126.21617472000011
52.2,1.949696759519379,2.456042072401037,115.29468300646644,1.3111999999999924,4.6488,126.6810547200001
52.300000000000004,1.968562384369889,2.5535269103770055,115.55003569750414,1.3112000000000013,4.77992,127.1590467200001
52.400000000000006,1.9912728532353619,2.6519550295955,115.8152312004637,1.3112000000000013,4.91104,127.65015072000011
52.5,2.071886452262037,2.751518672257268,116.09038306768943,1.3523240000000047,5.0462724,128.1547779600001
52.6,2.192266682397116,2.8551129948703697,116.37589436717647,1.9554759999999938,5.24182,128.6789599600001
52.7,2.171139382311253,2.9647263289902255,116.6723670000755,1.9966000000000061,5.44148,129.2231079600001
52.800000000000004,2.15338815058891,3.073283298105788,116.97969532988607,1.9965999999999973,5.64114,129.7872219600001
52.900000000000006,2.1357096437075853,3.1809527056352334,117.29779060044959,1.9965999999999973,5.8408,130.3713019600001
53.0,2.1181779209739564,3.2877381878206124,117.62656441923166,1.9966000000000061,6.04046,130.9753479600001
53.1,2.1007900759323297,3.3936470838693102,117.96592912761858,1.9232919999999964,6.2327892,131.5986268800001
53.2,1.1841885367644733,3.4986865876659268,118.31579778638518,0.8481079999999963,6.3176,132.2303868800001
53.300000000000004,1.0375199048926667,3.5578960145041503,118.67158738783559,0.7748000000000044,6.39508,132.86989488000012
53.400000000000006,1.066037819791242,3.6097720097487835,119.03256458881046,0.7747999999999955,6.47256,133.51715088000012
53.5,1.0882208242569273,3.663073900738346,119.39887197888429,0.7748000000000044,6.55004,134.1721548800001
53.6,1.1103925951414306,3.7174849419511924,119.7706204730794,0.7747999999999955,6.62752,134.83490688000012
53.7,1.1422148057476211,3.773004571708264,120.14792093025024,0.7783760000000051,6.7053576,135.50544264000013
53.800000000000004,1.3085359636343987,3.830115311995645,120.53093246144981,0.8308239999999945,6.78844,136.18428664000012
53.900000000000006,1.3351223203485982,3.895542110177365,120.92048667246755,0.834400000000004,6.87188,136.87147464000012
54.0,1.3564720275265136,3.9622982261947945,121.31671649508702,0.834400000000004,6.95532,137.5670066400001
54.1,1.3777654464052824,4.03012182757112,121.71972867784413,0.8343999999999951,7.03876,138.2708826400001
54.2,1.3988225087573858,4.099010099891384,122.12962968783327,0.834400000000004,7.1222,138.9831026400001
54.300000000000004,1.513526627569175,4.168951225329254,122.5465248103662,0.868372000000095,7.20903720000001,139.7040063600001
54.400000000000006,1.971561851577978,4.244627556707712,122.97098756603697,1.3666279999999986,7.34570000000001,140.4385763600001
54.5,1.9446551120935331,4.343205649286611,123.40530813096562,1.400599999999903,7.48576,141.1871523600001
54.6,1.9289360737643153,4.440438404891288,123.84935197145475,1.4006000000000984,7.62582000000001,141.94973436000012
54.7,1.9130961212537805,4.536885208579504,124.3030404923127,1.4006000000000007,7.76588000000001,142.72632236000013
54.800000000000004,1.89739189354352,4.632540014642193,124.76629449377693,1.4006000000000007,7.90594000000001,143.51691636000012
54.900000000000006,1.8818164499385488,4.727409609319369,125.23903545470887,1.4041759999999925,8.04635760000001,144.32155212000012
55.0,1.8663688660624933,4.821500431816297,125.7211854978905,1.456623999999902,8.19202,145.1407541200001
55.1,1.8510480893050043,4.914818875119422,126.21266738540244,1.4602000000000004,8.33804,145.9745581200001
55.2,1.8358530787921044,5.007371279584672,126.71340451336091,1.4602000000000004,8.48406,146.8229641200001
55.300000000000004,1.8207828021236325,5.099163933524277,127.22332090671334,1.4602000000000004,8.63008,147.68597212000012
55.400000000000006,1.8058362353759196,5.1902030736304585,127.74234121407639,1.4602000000000004,8.7761,148.56358212000012
55.5,1.791012363030445,5.280494885399254,128.2703907026163,1.4029840000000071,8.9163984,149.45522196000013
55.6,1.1480491583814063,5.370045503550777,128.8073952529714,0.5638159999999992,8.97278,150.35249996000013
55.7,1.027756641097879,5.427447961469848,129.35014004911838,0.5066000000000059,9.02344,151.25484396000013
55.800000000000004,1.046912045284101,5.478835793524741,129.89802362847087,0.5065999999999882,9.0741,152.16225396000013
55.900000000000006,1.0610199239826086,5.531181395788947,130.45114176804975,0.5066000000000059,9.12476,153.07472996000013
56.0,1.0751145655352217,5.584232391988078,131.00956500724857,0.5066000000000059,9.17542,153.99227196000012
56.1,0.9852627600941378,5.637988120264838,131.57336381927504,0.46905199999999425,9.2223252,154.91450448000012
56.2,-0.5193551590889779,5.687251258269545,132.142088945102,-0.08165200000000539,9.21416,155.8359204800001
56.300000000000004,-0.5592846172006626,5.661283500315096,132.7082172951335,-0.1191999999999993,9.20224,156.7561444800001
56.400000000000006,-0.5467526112093721,5.633319269455063,133.271549222079,-0.1191999999999993,9.19032,157.6751764800001
56.5,-0.5361491971019223,5.605981638894594,133.83214738596845,-0.1191999999999993,9.1784,158.5930164800001
56.6,-0.5255796705895589,5.579174179039498,134.3900648038724,-0.1191999999999993,9.16648,159.5096644800001
56.7,-0.5249918159570474,5.55289519551002,134.9453543234234,-0.12277599999999111,9.1542024,160.42508472000011
56.800000000000004,-0.659223952086605,5.526645604712168,135.49801888389462,-0.17522400000000715,9.13668,161.33875272000012
56.900000000000006,-0.6540424277739009,5.493684407107837,136.0473873246054,-0.17879999999999896,9.1188,162.2506327200001
57.0,-0.6439450980664353,5.460982285719142,136.59348555317732,-0.17879999999999896,9.10092,163.1607247200001
57.1,-0.6341120062903527,5.4287850308158205,137.1363640562589,-0.17879999999999896,9.08304,164.0690287200001
57.2,-0.6243627324812165,5.397079430501303,137.67607199930904,-0.17879999999999896,9.06516,164.9755447200001
57.300000000000004,-0.6196444630800227,5.365861293877241,138.21265812869677,-0.18058800000000375,9.0471012,165.8802548400001
57.400000000000006,-0.6823772939708866,5.33487907072324,138.7461460357691,-0.20681200000000288,9.02642,166.7828968400001
57.5,-0.6754443680232067,5.300760206024695,139.27622205637158,-0.20860000000000767,9.00556,167.6834528400001
57.6,-0.6660946099871723,5.266987987623535,139.80292085513392,-0.2085999999999899,8.9847,168.5819228400001
57.7,-0.6569180328476262,5.233683257124177,140.32628918084635,-0.20860000000000767,8.96384,169.4783068400001
57.800000000000004,-0.6478244133081428,5.200837355481796,140.84637291639453,-0.2085999999999899,8.94298,170.3726048400001
57.900000000000006,0.39770376202840774,5.168446134816389,141.36321752987618,-0.23363200000000361,8.9196168,171.2645665200001
58.0,0.03371426170714459,5.18833132291781,141.88205066216796,-0.6007679999999915,8.85954,172.1505205200001
58.1,0.01178761839303773,5.190017036003167,142.40105236576827,-0.6258000000000052,8.79696,173.0302165200001
58.2,0.006768160095248897,5.190606416922819,142.92011300746054,-0.6258000000000052,8.73438,173.9036545200001
58.300000000000004,0.001432515604283215,5.190944824927581,143.4392074899533,-0.6258000000000052,8.6718,174.77083452000008
58.400000000000006,-0.003904699463980957,5.191016450707796,143.95830913502408,-0.6257999999999875,8.60922,175.63175652000007
58.5,-0.02757118241673561,5.190821215734597,144.47739125659754,-0.6454680000000046,8.5446732,176.48622384000006
58.6,-0.2485861434946768,5.18944265661376,144.99633552225893,-0.9339319999999951,8.45128,177.33135184000005
58.7,-0.25212087745161216,5.177013349439027,145.51403685720283,-0.9536000000000122,8.35592,178.16694384000004
58.800000000000004,-0.2538733542351694,5.164407305566446,146.03047758775946,-0.9535999999999945,8.26056,178.99299984000004
58.900000000000006,-0.25565407668377554,5.151713637854687,146.54564895154493,-0.9535999999999945,8.1652,179.80951984000004
59.0,-0.2573972470358791,5.1389309340204985,147.059542044947,-0.9536000000000122,8.06984,180.61650384000004
59.1,-0.26005149533944993,5.126061071668705,147.57214815211387,-0.9571759999999951,7.9741224,181.41391608000004
59.2,-0.2743261583404973,5.113058496901733,148.08345400180403,-1.0096239999999934,7.87316,182.20123208000004
59.300000000000004,-0.2764589222429333,5.099342188984708,148.5933882207025,-1.013200000000003,7.77184,182.97841608000004
59.400000000000006,-0.278040357815138,5.085519242872561,149.10194014498975,-1.013200000000003,7.67052,183.74546808000005
59.5,-0.2795830467976171,5.071617224981804,149.60910186748794,-1.013199999999994,7.5692,184.50238808000006
59.6,-0.28113515572530223,5.057638072641923,150.11486567475214,-1.013200000000003,7.46788,185.24917608000007
59.7,-0.28263843977146974,5.0435813148556585,150.6192238062377,-1.013200000000003,7.36656,185.98583208000008
59.800000000000004,-0.28415148524042877,5.029449392867085,151.12216874552442,-1.013199999999994,7.26524,186.7123560800001
59.900000000000006,-0.2856158574162584,5.015241818605064,151.62369292738492,-1.013200000000003,7.16392,187.4287480800001
60.0,-0.2870901463677451,5.000961025734251,152.12378902995835,-1.013200000000003,7.0626,188.1350080800001
60.1,-0.28851591760135065,4.986606518415864,152.62244968179994,-1.013199999999994,6.96128,188.83113608000008
60.2,-0.28995176146566976,4.972180722535796,153.11966775405352,-1.013200000000003,6.85996,189.51713208000007
60.300000000000004,-0.29435372738411736,4.957683134462513,153.6154360674998,-1.0310800000001041,6.75685199999999,190.19281728000007
60.400000000000006,-0.3300385979311617,4.942965448093307,154.10973261230913,-1.2933199999999,6.62752,190.85556928000008
60.5,-0.3323640179327326,4.9264635181967495,154.6023789641288,-1.3111999999999924,6.4964,191.5052092800001
60.6,-0.3334188776121731,4.909845317300113,155.09336349585882,-1.3112000000000013,6.36528,192.1417372800001
60.7,-0.3344864615938829,4.893174373419504,155.58268093320078,-1.3112000000000013,6.23416,192.76515328000008
60.800000000000004,-0.33552701925360734,4.876450050339811,156.07032593823476,-1.3112000000000013,6.10304,193.3754572800001
60.900000000000006,-0.33809998343876735,4.85967369937713,156.55629330817249,-1.3290799999999958,5.970132,193.97247048000008
61.0,-0.3578252044793886,4.842768700205192,157.040570178193,-1.591320000000005,5.811,194.55357048000008
61.1,-0.3593714516635523,4.824877439981222,157.52305792219113,-1.6091999999999995,5.65008,195.11857848000008
61.2,-0.360225980041208,4.806908867398045,158.00374880893094,-1.6091999999999995,5.48916,195.66749448000007
61.300000000000004,-0.3609890944873222,4.788897568395985,158.48263856577054,-1.6091999999999995,5.32824,196.20031848000008
61.400000000000006,-0.3618222601222246,4.770848113671619,158.9597233771377,-1.6091999999999995,5.16732,196.71705048000007
61.5,-0.36159073106320583,4.7527570006655075,159.43499907720425,-1.5895320000000002,5.0083668,197.21788716000006
61.6,-0.3464246704753727,4.734677464112347,159.9084668236155,-1.3010680000000008,4.87826,197.70571316000007
61.7,-0.3463325650099822,4.717356230588578,160.38020244667436,-1.2814000000000014,4.75012,198.18072516000007
61.800000000000004,-0.34723681283784835,4.700039602338078,160.85020640690817,-1.2814000000000014,4.62198,198.64292316000007
61.900000000000006,-0.3480293735368028,4.682677761696186,161.3184741830778,-1.2814000000000014,4.49384,199.09230716000008
62.0,-0.3488823766038954,4.665276293019346,161.78500181237973,-1.2813999999999925,4.3657,199.52887716000006
62.1,-0.3502129289941594,4.647832174189151,162.24978502979866,-1.2921280000000035,4.2364872,199.95252588000005
62.2,-0.35832874227014866,4.630321527739444,162.7128171825726,-1.4494719999999983,4.09154,200.36167988000005
62.300000000000004,-0.359308173550262,4.612405090625936,163.1740576916352,-1.4602000000000004,3.94552,200.75623188000006
62.400000000000006,-0.36249536922107073,4.594439681948423,163.63350165983005,-1.4602000000000004,3.7995,201.13618188000007
62.5,-0.3664155138967694,4.576314913487369,164.09113315117878,-1.4602000000000004,3.65348,201.50152988000008
62.6,-0.3704916397271342,4.557994137792531,164.54693256495804,-1.4602000000000004,3.50746,201.85227588000006
62.7,-0.3758171603603005,4.539469555806175,165.00087952053866,-1.4780800000001015,3.35965199999999,202.18824108000007
62.800000000000004,-0.399641929844699,4.52067869778816,165.4529473903175,-1.7403199999999996,3.18561999999999,202.50680308000005
62.900000000000006,-0.4036009823354785,4.500696601295925,165.9030170504471,-1.7581999999999987,3.00979999999999,202.80778308000006
63.0,-0.4070837866959707,4.48051655217915,166.351068705665,-1.7581999999999987,2.83397999999999,203.09118108000007
63.1,-0.41025990132783413,4.460162362844351,166.79708494194944,-1.758200000000003,2.65815999999999,203.35699708000007
63.2,-0.4136169091954528,4.43964936777796,167.24104987872724,-1.7581999999999987,2.48233999999999,203.60523108000007
63.300000000000004,-0.4174236283049871,4.418968522318188,167.68294673095906,-1.7725040000000014,2.30508959999999,203.83574004000008
63.400000000000006,-0.4310223770203804,4.398097340902939,168.12275646504935,-1.982295999999999,2.10685999999999,204.04642604000009
63.5,-0.4342694339065291,4.376546222051919,168.56041108725455,-1.9965999999999995,1.90719999999999,204.23714604000008
63.6,-0.4370363501815385,4.354832750356593,168.99589436229022,-1.9965999999998996,1.70754,204.40790004000007
63.7,-0.439784860913472,4.332980932847516,169.42919245557496,-1.9966000000001016,1.50787999999999,204.55868804000008
63.800000000000004,-0.4424248122092952,4.310991689801842,169.86029162455515,-1.9965999999999995,1.30821999999999,204.68951004000007
63.900000000000006,-0.4431238781554176,4.288870449191377,170.2891786694743,-1.9483239999998991,1.1133876,204.80084880000007
64.0,-0.41671408182522074,4.266714255283606,170.71585009500265,-1.2402760000000301,0.989359999999997,204.89978480000008
64.10000000000001,-0.4183205376470468,4.2458785511923445,171.14043795012188,-1.1919999999999997,0.870159999999997,204.98680080000008
64.2,-0.4212152974627728,4.224962524309992,171.56293420255287,-1.1919999999999908,0.750959999999998,205.06189680000008
64.3,-0.42391309290008666,4.203901759436854,171.98332437849655,-1.1919999999999997,0.631759999999998,205.12507280000008
64.4,-0.42663485256456174,4.1827061047918495,172.40159498897575,-1.1919999999999997,0.512559999999998,205.17632880000008
64.5,-0.4279832752260847,4.161374362163621,172.8177324251921,-1.1598160000000002,0.396578399999998,205.21598664000007
64.60000000000001,-0.41257093535699113,4.1399751984023165,173.23172994503233,-0.6877839999999902,0.327799999999999,205.24876664000007
64.7,-0.4146718740098517,4.1193466516344674,173.64366461019577,-0.6556000000000001,0.262239999999999,205.27499064000008
64.8,-0.41730768681378666,4.098613057933974,174.05352591598916,-0.6555999999999897,0.19668,205.29465864000008
64.9,-0.419979277601489,4.077747673593285,174.4613006833485,-0.6556000000000001,0.13112,205.3077706400001
65.0,-0.4224617517553805,4.05674870971321,174.86697555431982,-0.6556000000000008,0.0655599999999999,205.31432664000008
65.10000000000001,-0.4235599490043684,4.0356256221254405,175.27053811653238,-0.6162639999999975,0.00393360000000014,205.31472000000008
65.2,-0.4050306443180704,4.014447624675222,175.6719828789999,-0.0393360000000014,0.0,205.31472000000008
65.3,-0.40689154536974265,3.994196092459319,176.07140248824584,0.0,0.0,205.31472000000008
65.4,-0.40951402920529106,3.973851515190832,176.4687876397649,0.0,0.0,205.31472000000008
65.5,-0.4120466312083067,3.9533758137305677,176.86412522113798,0.0,0.0,205.31472000000008
65.60000000000001,-0.4145158696305591,3.9327734821701523,177.257402569355,0.0,0.0,205.31472000000008
65.7,-0.41692142991358794,3.9120476886886246,177.64860733822388,0.0,0.0,205.31472000000008
65.8,-0.4192638179731075,3.8912016171929453,178.03772749994317,0.0,0.0,205.31472000000008
65.9,-0.4215435150001132,3.87023842629429,178.4247513425726,0.0,0.0,205.31472000000008
66.0,-0.42376100324439137,3.8491612505442845,178.809667467627,0.0,0.0,205.31472000000008
66.10000000000001,-0.4259167651791677,3.827973200382065,179.19246478766522,0.0,0.0,205.31472000000008
66.2,-0.4280112834798324,3.8066773621231063,179.57313252387752,0.0,0.0,205.31472000000008
66.3,-0.4300450409782519,3.7852767979491144,179.95166020367242,0.0,0.0,205.31472000000008
66.4,-0.4320185206183422,3.763774545900202,180.32803765826245,0.0,0.0,205.31472000000008
66.5,-0.4339322054120336,3.742173619869285,180.70225502024937,0.0,0.0,205.31472000000008
66.60000000000001,-0.4357865783957945,3.7204770095986834,181.07430272120925,0.0,0.0,205.31472000000008
66.7,-0.43758212258757384,3.6986876806788938,181.44417148927715,0.0,0.0,205.31472000000008
66.8,-0.4403909891244901,3.676808574549515,181.8118523467321,0.0,0.0,205.31472000000008
66.9,-0.44324228384166325,3.65478902509329,182.17733124924143,0.0,0.0,205.31472000000008
67.0,-0.4460546944346481,3.632626910901207,182.54059394033155,0.0,0.0,205.31472000000008
67.10000000000001,-0.4487499900102398,3.610324176179475,182.90162635794948,0.0,0.0,205.31472000000008
67.2,-0.4515934915434292,3.5878866766789628,183.2604150256174,0.0,0.0,205.31472000000008
67.3,-0.45451191815316966,3.5653070021017914,183.61694572582758,0.0,0.0,205.31472000000008
67.4,-0.4572947179435115,3.5425814061941328,183.97120386644698,0.0,0.0,205.31472000000008
67.5,-0.46038979396045615,3.5197166702969573,184.32317553347667,0.0,0.0,205.31472000000008
67.60000000000001,-0.46341298833513694,3.4966971805989346,184.67284525153656,0.0,0.0,205.31472000000008
67.7,-0.46645167045644104,3.473526531182178,185.02019790465476,0.0,0.0,205.31472000000008
67.8,-0.4696844403374642,3.4502039476593556,185.3652182994207,0.0,0.0,205.31472000000008
67.9,-0.4727638389076882,3.4267197256424824,185.70789027198495,0.0,0.0,205.31472000000008
68.0,-0.47617772955797566,3.403081533697098,186.04819842535466,0.0,0.0,205.31472000000008
68.10000000000001,-0.4795270156777283,3.3792726472191994,186.38612569007657,0.0,0.0,205.31472000000008
68.2,-0.48288192723858697,3.355296296435313,186.7216553197201,0.0,0.0,205.31472000000008
68.3,-0.486481920858753,3.3311522000733835,187.05477053972743,0.0,0.0,205.31472000000008
68.4,-0.489900912253004,3.306828104030446,187.38545335013046,0.0,0.0,205.31472000000008
68.5,-0.49370445213482883,3.2823330584177954,187.71368665597225,0.0,0.0,205.31472000000008
68.60000000000001,-0.49744333633491944,3.257647835811054,188.03945143955335,0.0,0.0,205.31472000000008
68.7,-0.5011780413630448,3.232775668994308,188.36272900645278,0.0,0.0,205.31472000000008
68.8,-0.5052211972359737,3.207716766926156,188.6835006831454,0.0,0.0,205.31472000000008
68.9,-0.5090462286665395,3.1824557070643573,189.00174625385185,0.0,0.0,205.31472000000008
69.0,-0.5133205477569543,3.1570033956310306,189.31744659341496,0.0,0.0,205.31472000000008
69.10000000000001,-0.5175316049880716,3.131337368243183,189.63058033023927,0.0,0.0,205.31472000000008
69.2,-0.5217228288204329,3.1054607879937794,189.94112640903865,0.0,0.0,205.31472000000008
69.3,-0.5263090454473407,3.0793746465527576,190.24906387369393,0.0,0.0,205.31472000000008
69.4,-0.5306277879745034,3.0530591942803906,190.55436979312196,0.0,0.0,205.31472000000008
69.5,-0.5354785404757451,3.0265278048816655,190.85702257361012,0.0,0.0,205.31472000000008
69.60000000000001,-0.5402709485882634,2.999753877857878,191.15699796139592,0.0,0.0,205.31472000000008
69.7,-0.5446045448842121,2.972740330428465,191.45427199443876,0.0,0.0,205.31472000000008
69.8,-0.5485411740385622,2.9455101031842545,191.74882300475718,0.0,0.0,205.31472000000008
69.9,-0.553544162278023,2.9180830444823265,192.04063130920542,0.0,0.0,205.31472000000008
70.0,-0.5589993393150557,2.8904058363684255,192.32967189284227,0.0,0.0,205.31472000000008
70.10000000000001,-0.5646368787347942,2.8624558694026727,192.61591747978252,0.0,0.0,205.31472000000008
70.2,-0.5699342985811395,2.834224025465933,192.89933988232912,0.0,0.0,205.31472000000008
70.3,-0.5748996687178078,2.8057273105368763,193.1799126133828,0.0,0.0,205.31472000000008
70.4,-0.5808159869496102,2.7769823271009857,193.4576108460929,0.0,0.0,205.31472000000008
70.5,-0.5863525937727154,2.747941527753505,193.73240499886825,0.0,0.0,205.31472000000008
70.60000000000001,-0.5915923406855582,2.718623898064869,194.00426738867475,0.0,0.0,205.31472000000008
70.7,-0.5975935315914596,2.6890442810305912,194.27317181677782,0.0,0.0,205.31472000000008
70.8,-0.6033369763023483,2.659164604451018,194.53908827722293,0.0,0.0,205.31472000000008
70.9,-0.60902192487961,2.6289977556359005,194.80198805278653,0.0,0.0,205.31472000000008
71.0,-0.38856451491063365,2.457821298142368,195.04777018260077,0.0,0.0,205.31472000000008
71.10000000000001,-0.3454106782216808,2.293966544932872,195.27716683709406,0.0,0.0,205.31472000000008
71.2,-0.29923981647301634,2.133252259218587,195.49049206301592,0.0,0.0,205.31472000000008
71.3,-0.2620388257343468,1.9808770978458272,195.6885797728005,0.0,0.0,205.31472000000008
71.4,-0.23166406160523756,1.839385876571132,195.8725183604576,0.0,0.0,205.31472000000008
71.5,-0.1965774603520207,1.700924338109596,196.04261079426857,0.0,0.0,205.31472000000008
71.60000000000001,-0.16891235869625687,1.5700840044088542,196.19961919470944,0.0,0.0,205.31472000000008
71.7,-0.1469059180213123,1.4493083117620291,196.34455002588564,0.0,0.0,205.31472000000008
71.8,-0.12670863827535891,1.3368083117620342,196.47823085706185,0.0,0.0,205.31472000000008
71.9,-0.10390450462183436,1.225407619115195,196.60077161897337,0.0,0.0,205.31472000000008
72.0,-0.0886046839242138,1.123290317522259,196.7131006507256,0.0,0.0,205.31472000000008
72.10000000000001,-0.07457984828471911,1.02968279106206,196.8160689298318,0.0,0.0,205.31472000000008
72.2,-0.06172374894853539,0.943875891806899,196.91045651901248,0.0,0.0,205.31472000000008
72.3,-0.04914965296876576,0.8620577099887226,196.99666229001136,0.0,0.0,205.31472000000008
72.4,-0.04045525780526835,0.7836888272624742,197.0750311727376,0.0,0.0,205.31472000000008
72.5,-0.0339978401796589,0.7124443884204396,197.14627561157965,0.0,0.0,205.31472000000008
72.60000000000001,-0.02812746051999966,0.6476767167458415,197.21104328325424,0.0,0.0,205.31472000000008
72.7,-0.022790751738506483,0.5887970152234889,197.2699229847766,0.0,0.0,205.31472000000008
72.8,-0.017939198300777788,0.5352700138395274,197.32344998616054,0.0,0.0,205.31472000000008
72.9,-0.013528695175581886,0.48660910349049036,197.37211089650958,0.0,0.0,205.31472000000008
73.0,-0.009139939604081802,0.4416091034904971,197.41627180685865,0.0,0.0,205.31472000000008
73.10000000000001,-0.003809740761984705,0.39744819314143365,197.45601662617278,0.0,0.0,205.31472000000008
73.2,-0.0003402548213367971,0.35770337382729644,197.4917869635555,0.0,0.0,205.31472000000008
73.3,0.0027822825252566304,0.3219330364445673,197.52398026719996,0.0,0.0,205.31472000000008
73.4,0.0055925661371857525,0.28973973280011955,197.55295424047998,0.0,0.0,205.31472000000008
73.5,0.008121821387930123,0.2607657595201024,197.57903081643198,0.0,0.0,205.31472000000008
73.60000000000001,0.010398151113590874,0.23468918356809831,197.60249973478878,0.0,0.0,205.31472000000008
73.7,0.012446847866684329,0.21122026521130033,197.62362176130992,0.0,0.0,205.31472000000008
73.8,0.014290674944483567,0.1900982386901594,197.64263158517895,0.0,0.0,205.31472000000008
73.9,0.015950119314495706,0.17108841482113257,197.65974042666107,0.0,0.0,205.31472000000008
74.0,0.017443619247503678,0.15397957333900558,197.67513838399498,0.0,0.0,205.31472000000008
74.10000000000001,0.018787769187208633,0.13858161600510266,197.6889965455955,0.0,0.0,205.31472000000008
74.2,0.019997504132951288,0.12472345440457866,197.70146889103597,0.0,0.0,205.31472000000008
74.3,0.021086265584113466,0.11225110896410706,197.7126940019324,0.0,0.0,205.31472000000008
74.4,0.022066150890160785,0.1010259980676883,197.72279660173916,0.0,0.0,205.31472000000008
74.5,0.02294804766560128,0.09092339826091711,197.73188894156524,0.0,0.0,205.31472000000008
74.60000000000001,0.023741754763492672,0.0818310584348344,197.74007204740872,0.0,0.0,205.31472000000008
74.7,0.024456091151599045,0.07364795259136281,197.74743684266787,0.0,0.0,205.31472000000008
74.8,0.025098993900906613,0.0662831573322128,197.7540651584011,0.0,0.0,205.31472000000008
74.9,0.025677606375273818,0.05965484159898915,197.760030642561,0.0,0.0,205.31472000000008
75.0,0.026198357602201138,0.05368935743908787,197.7653995783049,0.0,0.0,205.31472000000008
75.10000000000001,0.026667033706442873,0.048320421695171034,197.77023162047442,0.0,0.0,205.31472000000008
75.2,0.027088842200249222,0.04348837952566009,197.77458045842698,0.0,0.0,205.31472000000008
75.3,0.02746846984468214,0.0391395415730974,197.77849441258428,0.0,0.0,205.31472000000008
75.4,0.02781013472466936,0.03522558741579951,197.78201697132587,0.0,0.0,205.31472000000008
75.5,0.028117633116671526,0.031703028674205824,197.7851872741933,0.0,0.0,205.31472000000008
75.60000000000001,0.028394381669461757,0.02853272580677435,197.78804054677397,0.0,0.0,205.31472000000008
75.7,0.028643455366962983,0.02567945322610876,197.7906084920966,0.0,0.0,205.31472000000008
75.8,0.028867621694735345,0.023111507903484152,197.79291964288694,0.0,0.0,205.31472000000008
75.9,0.029069371389713595,0.020800357113136214,197.79499967859826,0.0,0.0,205.31472000000008
76.0,0.02925094611520157,0.018720321401820228,197.79687171073843,0.0,0.0,205.31472000000008
76.10000000000001,0.029414363368132804,0.01684828926165005,197.7985565396646,0.0,0.0,205.31472000000008
76.2,0.029561438895779144,0.015163460335491208,197.80007288569814,0.0,0.0,205.31472000000008
76.3,0.02969380687066475,0.01364711430193688,197.80143759712834,0.0,0.0,205.31472000000008
76.4,0.029812938048056885,0.012282402871737985,197.8026658374155,0.0,0.0,205.31472000000008
76.5,0.02992015610769964,0.011054162584576033,197.80377125367397,0.0,0.0,205.31472000000008
76.60000000000001,0.03001665236139784,0.009948746326107538,197.8047661283066,0.0,0.0,205.31472000000008
76.7,0.03010349898971862,0.008953871693483051,197.80566151547595,0.0,0.0,205.31472000000008
76.80000000000001,0.03018166095519935,0.008058484524132381,197.80646736392836,0.0,0.0,205.31472000000008
76.9,0.030252006724139406,0.007252636071716779,197.80719262753553,0.0,0.0,205.31472000000008
77.0,0.03031531791618055,0.006527372464551263,197.807845364782,0.0,0.0,205.31472000000008
77.10000000000001,0.0303722979890268,0.005874635218082403,197.8084328283038,0.0,0.0,205.31472000000008
77.2,0.030423580054577654,0.005287171696271798,197.80896154547344,0.0,0.0,205.31472000000008
77.30000000000001,0.03046973391357952,0.004758454526642254,197.8094373909261,0.0,0.0,205.31472000000008
77.4,0.03051127238667402,0.004282609073987032,197.8098656518335,0.0,0.0,205.31472000000008
77.5,0.030548657012466243,0.0038543481665888066,197.81025108665014,0.0,0.0,205.31472000000008
77.60000000000001,0.03058230317567561,0.00346891334993893,197.81059797798514,0.0,0.0,205.31472000000008
77.7,0.030612584722569534,0.00312202201493983,197.81091018018662,0.0,0.0,205.31472000000008
77.80000000000001,0.030639838114766327,0.002809819813454851,197.81119116216797,0.0,0.0,205.31472000000008
77.9,0.0306643661677522,0.0025288378321070013,197.8114440459512,0.0,0.0,205.31472000000008
78.0,0.030686441415433804,0.002275954048888252,197.81167164135607,0.0,0.0,205.31472000000008
78.10000000000001,0.03070630913834443,0.002048358644008431,197.81187647722047,0.0,0.0,205.31472000000008
78.2,0.030724190088966118,0.0018435227796137496,197.81206082949842,0.0,0.0,205.31472000000008
78.30000000000001,0.030740282944527218,0.0016591705016585365,197.8122267465486,0.0,0.0,205.31472000000008
78.4,0.030754766514537832,0.0014932534514903182,197.81237607189374,0.0,0.0,205.31472000000008
78.5,0.030767801727537777,0.0013439281063417638,197.81251046470436,0.0,0.0,205.31472000000008
78.60000000000001,0.030779533419236442,0.0012095352957194336,197.81263141823393,0.0,0.0,205.31472000000008
78.7,0.03079009194177583,0.0010885817661451256,197.81274027641055,0.0,0.0,205.31472000000008
78.80000000000001,0.030799594612056166,0.0009797235895282483,197.8128382487695,0.0,0.0,205.31472000000008
78.9,0.030808147015308616,0.0008817512305702166,197.81292642389258,0.0,0.0,205.31472000000008
79.0,0.030815844178243523,0.0007935761075023038,197.81300578150334,0.0,0.0,205.31472000000008
79.10000000000001,0.03082277162487422,0.0007142184967440244,197.813077203353,0.0,0.0,205.31472000000008
79.2,0.030829006326840516,0.0006427966470757837,197.81314148301772,0.0,0.0,205.31472000000008
79.30000000000001,0.03083461755861601,0.0005785169823629985,197.81319933471596,0.0,0.0,205.31472000000008
79.4,0.030839667667214566,0.0005206652841186496,197.81325140124437,0.0,0.0,205.31472000000008
79.5,0.030844212764948108,0.00046859875570726215,197.81329826111994,0.0,0.0,205.31472000000008
79.60000000000001,0.030848303352910566,0.0004217388801398556,197.81334043500794,0.0,0.0,205.31472000000008
79.7,0.030851984882072254,0.000379564992134874,197.81337839150717,0.0,0.0,205.31472000000008
79.80000000000001,0.030855298258333604,0.00034160849290765325,197.81341255235645,0.0,0.0,205.31472000000008
79.9,0.030858280296949835,0.0003074476436258919,197.8134432971208,0.0,0.0,205.31472000000008
80.0,0.030860964131715046,0.0002767028792666224,197.81347096740873,0.0,0.0,205.31472000000008
80.10000000000001,0.030863379582997195,0.00024903259134612197,197.81349587066788,0.0,0.0,205.31472000000008
80.2,0.030865553489163616,0.00022412933220061857,197.8135182836011,0.0,0.0,205.31472000000008
80.30000000000001,0.03086751000469978,0.0002017163989810342,197.813538455241,0.0,0.0,205.31472000000008
80.4,0.0308692708686903,0.00018154475907772392,197.8135566097169,0.0,0.0,205.31472000000008
80.5,0.03087085564627167,0.0001633902831817977,197.81357294874522,0.0,0.0,205.31472000000008
80.60000000000001,0.03087228194610868,0.00014705125486125323,197.8135876538707,0.0,0.0,205.31472000000008
80.7,0.030873565615959282,0.00013234612936707888,197.81360088848365,0.0,0.0,205.31472000000008
80.80000000000001,0.030874720918815608,0.00011911151643084848,197.81361279963528,0.0,0.0,205.31472000000008
80.9,0.030875760691388837,0.0001072003647996098,197.81362351967175,0.0,0.0,205.31472000000008
81.0,0.030876696486708634,9.648032832865281e-05,197.81363316770458,0.0,0.0,205.31472000000008
81.10000000000001,0.030877538702494017,8.683229549910718e-05,197.81364185093412,0.0,0.0,205.31472000000008
81.2,0.03087829669670024,7.814906596104263e-05,197.81364966584073,0.0,0.0,205.31472000000008
81.30000000000001,0.030878978891498224,7.0334159351205e-05,197.81365669925665,0.0,0.0,205.31472000000008
81.4,0.030879592866796927,6.330074342508849e-05,197.813663029331,0.0,0.0,205.31472000000008
81.5,0.0308801454445771,5.6970669083057125e-05,197.8136687263979,0.0,0.0,205.31472000000008
81.60000000000001,0.030880642764577006,5.1273602172386724e-05,197.81367385375813,0.0,0.0,205.31472000000008
81.7,0.030881090352581988,4.614624194709902e-05,197.81367846838234,0.0,0.0,205.31472000000008
81.80000000000001,0.03088149318178173,4.153161774434009e-05,197.8136826215441,0.0,0.0,205.31472000000008
81.9,0.030881855728056185,3.7378455976067905e-05,197.8136863593897,0.0,0.0,205.31472000000008
82.0,0.03088218201970444,3.364061038746511e-05,197.81368972345072,0.0,0.0,205.31472000000008
82.10000000000001,0.030882475682191816,3.0276549357722594e-05,197.81369275110566,0.0,0.0,205.31472000000008
82.2,0.030882739978438125,2.7248894416743476e-05,197.8136954759951,0.0,0.0,205.31472000000008
82.30000000000001,0.0308829778450469,2.452400497554661e-05,197.8136979283956,0.0,0.0,205.31472000000008
82.4,0.030883191925008654,2.207160446710075e-05,197.81370013555605,0.0,0.0,205.31472000000008
82.5,0.030883384596955103,1.986444403223684e-05,197.81370212200045,0.0,0.0,205.31472000000008
82.60000000000001,0.03088355800172027,1.787799962949064e-05,197.8137039098004,0.0,0.0,205.31472000000008
82.7,0.030883714066004632,1.609019966986123e-05,197.81370551882037,0.0,0.0,205.31472000000008
82.80000000000001,0.030883854523861443,1.448117970903693e-05,197.81370696693835,0.0,0.0,205.31472000000008
82.9,0.030883980935940806,1.3033061724399865e-05,197.81370827024452,0.0,0.0,205.31472000000008
83.0,0.030884094706793826,1.1729755560963874e-05,197.81370944322006,0.0,0.0,205.31472000000008
83.10000000000001,0.030884197100571616,1.0556780016713653e-05,197.81371049889808,0.0,0.0,205.31472000000008
83.2,0.030884289254981073,9.501102004151087e-06,197.81371144900828,0.0,0.0,205.31472000000008
83.30000000000001,0.030884372193939635,8.550991798529119e-06,197.81371230410747,0.0,0.0,205.31472000000008
83.4,0.030884446839005503,7.695892610627177e-06,197.81371307369673,0.0,0.0,205.31472000000008
83.5,0.03088451401956089,6.926303347199771e-06,197.81371376632706,0.0,0.0,205.31472000000008
83.60000000000001,0.030884574482055442,6.23367302432596e-06,197.81371438969435,0.0,0.0,205.31472000000008
83.7,0.030884628898309712,5.6103057252130176e-06,197.81371495072491,0.0,0.0,205.31472000000008
83.80000000000001,0.030884677872931657,5.049275164537882e-06,197.81371545565244,0.0,0.0,205.31472000000008
83.9,0.030884721950109086,4.544347637192893e-06,197.8137159100872,0.0,0.0,205.31472000000008
84.0,0.030884761619552274,4.089912868266744e-06,197.8137163190785,0.0,0.0,205.31472000000008
84.10000000000001,0.030884797322059468,3.6809215705488688e-06,197.81371668717065,0.0,0.0,205.31472000000008
84.2,0.030884829454301325,3.3128294253401483e-06,197.8137170184536,0.0,0.0,205.31472000000008
84.30000000000001,0.030884858373326694,2.981546491810129e-06,197.81371731660823,0.0,0.0,205.31472000000008
84.4,0.03088488440045485,2.6833918459487696e-06,197.81371758494743,0.0,0.0,205.31472000000008
84.5,0.03088490782487126,2.4150526533048625e-06,197.8137178264527,0.0,0.0,205.31472000000008
84.60000000000001,0.030884928906838232,2.17354739129403e-06,197.81371804380743,0.0,0.0,205.31472000000008
84.7,0.03088494788061475,1.9561926526421095e-06,197.8137182394267,0.0,0.0,205.31472000000008
84.80000000000001,0.03088496495700839,1.7605733878553811e-06,197.81371841548403,0.0,0.0,205.31472000000008
84.9,0.030884980325769747,1.5845160467051547e-06,197.81371857393563,0.0,0.0,205.31472000000008
85.0,0.03088499415764499,1.4260644481964638e-06,197.81371871654207,0.0,0.0,205.31472000000008
85.10000000000001,0.030885006606338576,1.283458009538642e-06,197.81371884488786,0.0,0.0,205.31472000000008
85.2,0.030885017810157143,1.1551122204309441e-06,197.8137189603991,0.0,0.0,205.31472000000008
85.30000000000001,0.03088502789360508,1.0396009931809905e-06,197.8137190643592,0.0,0.0,205.31472000000008
85.4,0.030885036968704097,9.356408886560322e-07,197.8137191579233,0.0,0.0,205.31472000000008
85.5,0.030885045136294725,8.420767917413988e-07,197.81371924213096,0.0,0.0,205.31472000000008
85.60000000000001,0.030885052487112714,7.578691215712544e-07,197.81371931791787,0.0,0.0,205.31472000000008
85.7,0.030885059102867783,6.820822070494406e-07,197.81371938612608,0.0,0.0,205.31472000000008
85.80000000000001,0.030885065057030623,6.13873998190663e-07,197.81371944751348,0.0,0.0,205.31472000000008
85.9,0.0308850704157875,5.524866016912502e-07,197.81371950276213,0.0,0.0,205.31472000000008
86.0,0.030885075238661856,4.972379533682916e-07,197.81371955248594,0.0,0.0,205.31472000000008
86.10000000000001,0.030885079579265628,4.475141442980904e-07,197.81371959723734,0.0,0.0,205.31472000000008
86.2,0.030885083485784295,4.0276274171444776e-07,197.8137196375136,0.0,0.0,205.31472000000008
86.30000000000001,0.030885087001662703,3.624864793891694e-07,197.81371967376225,0.0,0.0,205.31472000000008
86.4,0.030885090165958962,3.2623782908556415e-07,197.81371970638602,0.0,0.0,205.31472000000008
86.5,0.030885093013817155,2.936140551810032e-07,197.81371973574744,0.0,0.0,205.31472000000008
86.60000000000001,0.03088509557690075,2.6425263877170174e-07,197.8137197621727,0.0,0.0,205.31472000000008
86.7,0.030885097883659278,2.3782738389852703e-07,197.81371978595544,0.0,0.0,205.31472000000008
86.80000000000001,0.030885099959759316,2.1404463745964414e-07,197.81371980735992,0.0,0.0,205.31472000000008
86.9,0.030885101828241605,1.926401628224786e-07,197.81371982662392,0.0,0.0,205.31472000000008
87.0,0.03088510350986767,1.733761555442262e-07,197.81371984396154,0.0,0.0,205.31472000000008
87.10000000000001,0.030885105023342487,1.5603854330945716e-07,197.8137198595654,0.0,0.0,205.31472000000008
87.2,0.030885106385469093,1.404346837716522e-07,197.81371987360887,0.0,0.0,205.31472000000008
87.30000000000001,0.030885107611383786,1.2639120450328584e-07,197.813719886248,0.0,0.0,205.31472000000008
87.4,0.03088510871470474,1.1375207031958517e-07,197.81371989762323,0.0,0.0,205.31472000000008
87.5,0.030885109707695136,1.0237684955425458e-07,197.81371990786093,0.0,0.0,205.31472000000008
87.60000000000001,0.030885110601383617,9.213915086545704e-08,197.81371991707485,0.0,0.0,205.31472000000008
87.7,0.030885111405702232,8.292523057205209e-08,197.81371992536737,0.0,0.0,205.31472000000008
87.80000000000001,0.030885112129584863,7.46327136766714e-08,197.81371993283065,0.0,0.0,205.31472000000008
87.9,0.030885112781092128,6.716942857563218e-08,197.81371993954758,0.0,0.0,205.31472000000008
88.0,0.030885113367428902,6.045249756423537e-08,197.81371994559282,0.0,0.0,205.31472000000008
88.10000000000001,0.03088511389514318,5.44072568118073e-08,197.81371995103356,0.0,0.0,205.31472000000008
88.2,0.030885114370096663,4.8966517397254494e-08,197.81371995593022,0.0,0.0,205.31472000000008
88.30000000000001,0.0308851147975464,4.406985476632791e-08,197.8137199603372,0.0,0.0,205.31472000000008
88.4,0.030885115182245102,3.9662869767177755e-08,197.8137199643035,0.0,0.0,205.31472000000008
88.5,0.030885115528473936,3.5696591794455446e-08,197.81371996787314,0.0,0.0,205.31472000000008
88.60000000000001,0.03088511584008416,3.2126938776834424e-08,197.81371997108585,0.0,0.0,205.31472000000008
88.7,0.030885116120541605,2.8914234007949846e-08,197.81371997397727,0.0,0.0,205.31472000000008
88.80000000000001,0.030885116372941012,2.6022808242466555e-08,197.81371997657956,0.0,0.0,205.31472000000008
88.9,0.0308851166001094,2.3420516527018764e-08,197.81371997892163,0.0,0.0,205.31472000000008
89.0,0.030885116804557897,2.1078453983115752e-08,197.81371998102946,0.0,0.0,205.31472000000008
89.10000000000001,0.030885116988554066,1.89706147466287e-08,197.81371998292653,0.0,0.0,205.31472000000008
89.2,0.030885117154158186,1.7073550907277524e-08,197.81371998463388,0.0,0.0,205.31472000000008
89.30000000000001,0.0308851173031977,1.5366201978374294e-08,197.8137199861705,0.0,0.0,205.31472000000008
89.4,0.030885117437335505,1.3829582258019502e-08,197.81371998755347,0.0,0.0,205.31472000000008
89.5,0.03088511755806694,1.2446610298845473e-08,197.81371998879814,0.0,0.0,205.31472000000008
89.60000000000001,0.03088511766672115,1.120193837775979e-08,197.81371998991833,0.0,0.0,205.31472000000008
89.7,0.03088511776449712,1.0081753543979277e-08,197.8137199909265,0.0,0.0,205.31472000000008
89.80000000000001,0.030885117852508977,9.073578667063986e-09,197.81371999183386,0.0,0.0,205.31472000000008
89.9,0.030885117931717505,8.166215593498338e-09,197.81371999265048,0.0,0.0,205.31472000000008
90.0,0.030885118002998663,7.34960303814397e-09,197.81371999338543,0.0,0.0,205.31472000000008
90.10000000000001,0.0308851180671577,6.614646053983153e-09,197.8137199940469,0.0,0.0,205.31472000000008
90.2,0.030885118124897235,5.953187610409361e-09,197.8137199946422,0.0,0.0,205.31472000000008
90.30000000000001,0.03088511817686819,5.357866484680118e-09,197.813719995178,0.0,0.0,205.31472000000008
90.4,0.030885118223634524,4.822088840207572e-09,197.8137199956602,0.0,0.0,205.31472000000008
90.5,0.030885118265729525,4.339886118011338e-09,197.8137199960942,0.0,0.0,205.31472000000008
90.60000000000001,0.03088511830362032,3.905886615009069e-09,197.8137199964848,0.0,0.0,205.31472000000008
90.7,0.030885118337719866,3.5152870623070265e-09,197.8137199968363,0.0,0.0,205.31472000000008
90.80000000000001,0.030885118368396008,3.1637673600717897e-09,197.8137199971527,0.0,0.0,205.31472000000008
90.9,0.030885118396025035,2.8473768906925323e-09,197.81371999743743,0.0,0.0,205.31472000000008
91.0,0.03088511842087025,2.562648205618745e-09,197.8137199976937,0.0,0.0,205.31472000000008
91.10000000000001,0.030885118443248698,2.306369651684792e-09,197.81371999792435,0.0,0.0,205.31472000000008
91.2,0.030885118463382027,2.0757274796570635e-09,197.81371999813192,0.0,0.0,205.31472000000008
91.30000000000001,0.03088511848149543,1.868163735686823e-09,197.81371999831873,0.0,0.0,205.31472000000008
91.4,0.030885118497807038,1.6813478396007775e-09,197.81371999848687,0.0,0.0,205.31472000000008
91.5,0.030885118512485755,1.5132050066105074e-09,197.8137199986382,0.0,0.0,205.31472000000008
91.60000000000001,0.030885118525689738,1.3618878256030365e-09,197.8137199987744,0.0,0.0,205.31472000000008
91.7,0.030885118537585937,1.2256909940125404e-09,197.81371999889697,0.0,0.0,205.31472000000008
91.80000000000001,0.030885118548289476,1.103108161239208e-09,197.81371999900728,0.0,0.0,205.31472000000008
91.9,0.030885118557908948,9.9280350693981e-10,197.81371999910655,0.0,0.0,205.31472000000008
92.0,0.0308851185665741,8.935264758994088e-10,197.8137199991959,0.0,0.0,205.31472000000008
92.10000000000001,0.030885118574383173,8.041686214502186e-10,197.81371999927632,0.0,0.0,205.31472000000008
92.2,0.030885118581393367,7.237636054716057e-10,197.8137199993487,0.0,0.0,205.31472000000008
92.30000000000001,0.030885118587723696,6.513735115523667e-10,197.81371999941385,0.0,0.0,205.31472000000008
92.4,0.030885118593402906,5.862309535378807e-10,197.81371999947248,0.0,0.0,205.31472000000008
92.5,0.030885118598528577,5.275969669829572e-10,197.81371999952523,0.0,0.0,205.31472000000008
92.60000000000001,0.030885118603122735,4.748462742801274e-10,197.81371999957273,0.0,0.0,205.31472000000008
92.7,0.03088511860727683,4.273535978219223e-10,197.81371999961547,0.0,0.0,205.31472000000008
92.80000000000001,0.030885118611008636,3.8460734683859465e-10,197.81371999965393,0.0,0.0,205.31472000000008
92.9,0.030885118614356888,3.4615277397925803e-10,197.81371999968854,0.0,0.0,205.31472000000008
93.0,0.030885118617382273,3.1153513189302595e-10,197.8137199997197,0.0,0.0,205.31472000000008
93.10000000000001,0.030885118620100002,2.8038493835730316e-10,197.81371999974775,0.0,0.0,205.31472000000008
93.2,0.03088511862255704,2.523327111494944e-10,197.81371999977299,0.0,0.0,205.31472000000008
93.30000000000001,0.03088511862475563,2.2709423317529565e-10,197.8137199997957,0.0,0.0,205.31472000000008
93.4,0.03088511862673574,2.0438528734040284e-10,197.81371999981613,0.0,0.0,205.31472000000008
93.5,0.030885118628519163,1.8395007825994236e-10,197.81371999983452,0.0,0.0,205.31472000000008
93.60000000000001,0.030885118630124636,1.6556123225847097e-10,197.8137199998511,0.0,0.0,205.31472000000008
93.7,0.03088511863157663,1.4899137566054543e-10,197.81371999986598,0.0,0.0,205.31472000000008
93.80000000000001,0.030885118632869593,1.3409839991901373e-10,197.8137199998794,0.0,0.0,205.31472000000008
93.9,0.030885118634044403,1.2068335306786304e-10,197.81371999989148,0.0,0.0,205.31472000000008
94.0,0.03088511863510271,1.0860412655994134e-10,197.81371999990233,0.0,0.0,205.31472000000008
94.10000000000001,0.03088511863604506,9.774703355752701e-11,197.8137199999121,0.0,0.0,205.31472000000008
94.2,0.030885118636899328,8.796996551346803e-11,197.81371999992092,0.0,0.0,205.31472000000008
94.30000000000001,0.030885118637673365,7.915923559004279e-11,197.81371999992885,0.0,0.0,205.31472000000008
94.4,0.030885118638365544,7.122957865896007e-11,197.81371999993598,0.0,0.0,205.31472000000008
94.5,0.030885118638987526,6.409572959192866e-11,197.8137199999424,0.0,0.0,205.31472000000008
94.60000000000001,0.03088511863954751,5.767242326065736e-11,197.81371999994818,0.0,0.0,205.31472000000008
94.7,0.030885118640048136,5.1902816246285344e-11,197.81371999995338,0.0,0.0,205.31472000000008
94.80000000000001,0.030885118640506064,4.670164342052141e-11,197.81371999995804,0.0,0.0,205.31472000000008
94.9,0.030885118640903896,4.204048307393515e-11,197.81371999996225,0.0,0.0,205.31472000000008
95.0,0.030885118641276542,3.783407007823536e-11,197.81371999996603,0.0,0.0,205.31472000000008
