sim_time,module,x,y,speed,acceleration
0.1,car[0],174,94,0,0
0.1,car[1],155,95,0,0
0.2,car[0],174.674,94.3355,7.52744,75.2744
0.2,car[1],155.141,95.6397,6.54974,65.4974
0.3,car[0],174.771,94.3549,0.989887,-65.3755
0.3,car[1],155.717,95.3967,6.24963,-3.00108
0.4,car[0],174.916,94.3838,1.47543,4.85546
0.4,car[1],156.265,95.1654,5.94953,-3.00103
0.5,car[0],175.105,94.4217,1.93597,4.60537
0.5,car[1],156.83,94.9269,6.13494,1.8541
0.6,car[0],175.34,94.4686,2.39453,4.58558
0.6,car[1],157.41,94.6821,6.29528,1.60344
0.7,car[0],175.621,94.5246,2.85994,4.65409
0.7,car[1],157.966,94.4473,6.03857,-2.56715
0.8,car[0],175.946,94.5897,3.32168,4.61747
0.8,car[1],158.539,94.2055,6.22052,1.81951
0.9,car[0],176.321,94.6646,3.82046,4.98778
0.9,car[1],159.127,93.9575,6.37958,1.59062
1,car[0],176.743,94.7488,4.29837,4.7791
1,car[1],159.733,93.7176,6.51357,1.33987
1.1,car[0],177.211,94.8424,4.7806,4.82229
1.1,car[1],160.399,93.6804,6.66987,1.56304
1.2,car[0],177.719,94.9438,5.17673,3.96133
1.2,car[1],161.08,93.6423,6.82254,1.52668
1.3,car[0],178.263,95.0525,5.54556,3.68827
1.3,car[1],161.776,93.6034,6.97281,1.50266
1.4,car[0],178.851,95.1699,5.99494,4.49383
1.4,car[1],162.487,93.5636,7.12066,1.47849
1.5,car[0],179.473,95.2942,6.34607,3.51125
1.5,car[1],163.213,93.523,7.26613,1.45473
1.6,car[0],180.142,95.428,6.82633,4.80261
1.6,car[1],163.952,93.4817,7.40927,1.43135
1.7,car[0],180.854,95.57,7.25127,4.24943
1.7,car[1],164.706,93.4395,7.5501,1.40835
1.8,car[0],181.609,95.721,7.70827,4.56999
1.8,car[1],165.474,93.3966,7.68867,1.38572
1.9,car[0],182.411,95.8812,8.17518,4.66904
1.9,car[1],166.255,93.3529,7.82502,1.36345
2,car[0],183.254,96.0496,8.59985,4.2468
2,car[1],167.05,93.3085,7.95917,1.34154
2.1,car[0],184.137,96.226,9.00444,4.04584
2.1,car[1],167.858,93.2633,8.09117,1.31998
2.2,car[0],185.06,96.4104,9.40908,4.04641
2.2,car[1],168.678,93.2174,8.22104,1.29876
2.3,car[0],186.031,96.6042,9.89701,4.87927
2.3,car[1],169.503,93.3024,8.28638,0.653337
2.4,car[0],187.013,96.8999,10.2584,3.61421
2.4,car[1],170.328,93.4673,8.41599,1.29609
2.5,car[0],187.998,97.3132,10.6839,4.25472
2.5,car[1],171.166,93.6346,8.54051,1.24525
2.6,car[0],189.025,97.744,11.1399,4.56039
2.6,car[1],172.015,93.8043,8.66317,1.22661
2.7,car[0],190.085,98.1884,11.4917,3.51804
2.7,car[1],172.876,93.9764,8.78386,1.20684
2.8,car[0],191.184,98.6491,11.9097,4.17914
2.8,car[1],173.749,94.1508,8.9026,1.18745
2.9,car[0],192.315,99.1234,12.2657,3.56086
2.9,car[1],174.634,94.3275,9.01944,1.16836
3,car[0],193.487,99.6151,12.7123,4.46549
3,car[1],175.53,94.5064,9.1344,1.14959
3.1,car[0],194.698,100.123,13.1347,4.22409
3.1,car[1],176.436,94.6876,9.24751,1.13111
3.2,car[0],195.942,100.645,13.4865,3.51792
3.2,car[1],177.354,94.8709,9.3588,1.11293
3.3,car[0],197.229,101.184,13.9558,4.69354
3.3,car[1],178.283,95.0564,9.46831,1.09505
3.4,car[0],198.548,101.738,14.3094,3.53586
3.4,car[1],179.222,95.244,9.57605,1.07745
3.5,car[0],199.914,102.31,14.8034,4.94002
3.5,car[1],180.171,95.4337,9.68207,1.06014
3.6,car[0],201.325,102.902,15.3005,4.97092
3.6,car[1],181.131,95.6254,9.78637,1.0431
3.7,car[0],202.779,103.512,15.7714,4.70889
3.7,car[1],182.101,95.8191,9.88901,1.02634
3.8,car[0],204.279,104.141,16.2697,4.98254
3.8,car[1],183.08,96.0148,9.98999,1.00984
3.9,car[0],205.665,105.073,16.6983,4.2866
3.9,car[1],184.07,96.2125,10.0894,0.993613
4,car[0],207.081,106.032,17.1048,4.06504
4,car[1],185.069,96.4121,10.1871,0.977637
4.1,car[0],208.531,107.013,17.4981,3.93296
4.1,car[1],186.077,96.6135,10.2836,0.964592
4.2,car[0],210.018,108.019,17.9599,4.61741
4.2,car[1],187.063,96.9209,10.3271,0.435326
4.3,car[0],211.538,109.047,18.3453,3.85406
4.3,car[1],188.024,97.3241,10.4237,0.965508
4.4,car[0],213.086,110.095,18.7003,3.55007
4.4,car[1],188.994,97.7308,10.517,0.933342
4.5,car[0],214.67,111.167,19.1201,4.19779
4.5,car[1],189.972,98.1411,10.6092,0.922012
4.6,car[0],216.29,112.263,19.5554,4.35362
4.6,car[1],190.959,98.555,10.7002,0.910074
4.7,car[0],217.94,113.379,19.9247,3.69246
4.7,car[1],191.954,98.9723,10.79,0.898319
4.8,car[0],219.587,114.494,19.8847,-0.39939
4.8,car[1],192.957,99.393,10.8787,0.886718
4.9,car[0],221.239,115.612,19.951,0.662721
4.9,car[1],193.969,99.8172,10.9662,0.875258
5,car[0],222.893,116.731,19.9751,0.240994
5,car[1],194.988,100.245,11.0526,0.863954
5.1,car[0],224.542,117.847,19.9069,-0.682006
5.1,car[1],196.015,100.675,11.1379,0.852792
5.2,car[0],226.051,119.137,19.8524,-0.545328
5.2,car[1],197.05,101.109,11.2221,0.841772
5.3,car[0],227.501,120.497,19.8818,0.294282
5.3,car[1],198.093,101.547,11.3052,0.830894
5.4,car[0],228.95,121.855,19.8605,-0.213036
5.4,car[1],199.143,101.987,11.3872,0.820158
5.5,car[0],230.4,123.214,19.8739,0.134478
5.5,car[1],200.2,102.431,11.4681,0.809565
5.6,car[0],231.849,124.572,19.8552,-0.187078
5.6,car[1],201.265,102.877,11.5481,0.799114
5.7,car[0],233.301,125.935,19.9167,0.614918
5.7,car[1],202.337,103.327,11.6269,0.788778
5.8,car[0],234.76,127.302,19.9952,0.785217
5.8,car[1],203.417,103.78,11.7048,0.778598
5.9,car[0],236.218,128.669,19.9782,-0.170862
5.9,car[1],204.475,104.268,11.6569,-0.479065
6,car[0],237.671,130.032,19.9289,-0.492968
6,car[1],205.44,104.921,11.6489,-0.0801845
6.1,car[0],239.123,131.393,19.8973,-0.315259
6.1,car[1],206.404,105.573,11.6363,-0.126049
6.2,car[0],240.538,132.785,19.853,-0.442934
6.2,car[1],207.366,106.225,11.6219,-0.143966
6.3,car[0],241.684,134.411,19.8907,0.376992
6.3,car[1],208.331,106.878,11.6538,0.319392
6.4,car[0],242.828,136.033,19.8512,-0.395006
6.4,car[1],209.299,107.532,11.6799,0.260651
6.5,car[0],243.978,137.662,19.9408,0.895085
6.5,car[1],210.268,108.188,11.7033,0.234705
6.6,car[0],245.126,139.29,19.9226,-0.181025
6.6,car[1],211.239,108.845,11.7241,0.207361
6.7,car[0],246.271,140.913,19.8615,-0.611318
6.7,car[1],212.216,109.507,11.8027,0.786665
6.8,car[0],247.42,142.543,19.9417,0.80152
6.8,car[1],213.2,110.172,11.8783,0.755129
6.9,car[0],248.493,144.218,19.8937,-0.480098
6.9,car[1],214.19,110.842,11.9529,0.746147
7,car[0],249.418,145.984,19.9325,0.388259
7,car[1],215.186,111.516,12.0265,0.736481
7.1,car[0],250.343,147.753,19.9602,0.276754
7.1,car[1],216.188,112.194,12.0992,0.726974
7.2,car[0],251.264,149.512,19.8603,-0.998297
7.2,car[1],217.196,112.876,12.171,0.717581
7.3,car[0],252.188,151.277,19.9222,0.619176
7.3,car[1],218.21,113.562,12.2418,0.708305
7.4,car[0],253.111,153.041,19.9,-0.222138
7.4,car[1],219.23,114.252,12.3117,0.699159
7.5,car[0],254.032,154.801,19.8748,-0.252233
7.5,car[1],220.255,114.946,12.3807,0.690128
7.6,car[0],254.947,156.58,19.9972,1.22347
7.6,car[1],221.286,115.644,12.4489,0.681214
7.7,car[0],255.807,158.375,19.9122,-0.849656
7.7,car[1],222.323,116.345,12.5161,0.672403
7.8,car[0],256.668,160.173,19.9264,0.142398
7.8,car[1],223.365,117.05,12.5825,0.663722
7.9,car[0],257.53,161.973,19.9586,0.321799
7.9,car[1],224.413,117.759,12.648,0.655143
8,car[0],258.392,163.773,19.958,-0.00582637
8,car[1],225.412,118.538,12.6738,0.258033
8.1,car[0],259.25,165.566,19.8792,-0.788051
8.1,car[1],226.342,119.409,12.7396,0.657627
8.2,car[0],260.111,167.364,19.9331,0.539033
8.2,car[1],227.276,120.285,12.803,0.634323
8.3,car[0],260.973,169.163,19.9508,0.176875
8.3,car[1],228.214,121.165,12.8657,0.626676
8.4,car[0],261.833,170.959,19.9066,-0.442478
8.4,car[1],229.157,122.049,12.9275,0.618556
8.5,car[0],262.521,172.813,19.7774,-1.29195
8.5,car[1],230.105,122.937,12.9886,0.610573
8.6,car[0],262.936,174.761,19.9256,1.48223
8.6,car[1],231.057,123.83,13.0488,0.602679
8.7,car[0],263.351,176.707,19.8929,-0.326661
8.7,car[1],232.013,124.727,13.1083,0.594902
8.8,car[0],263.767,178.654,19.9108,0.178414
8.8,car[1],232.974,125.627,13.167,0.587215
8.9,car[0],264.183,180.603,19.9282,0.17465
8.9,car[1],233.938,126.532,13.225,0.579631
9,car[0],264.599,182.553,19.9375,0.0921672
9,car[1],234.907,127.44,13.2822,0.572138
9.1,car[0],265.014,184.498,19.8862,-0.512455
9.1,car[1],235.88,128.352,13.3387,0.564749
9.2,car[0],265.431,186.453,19.9957,1.0949
9.2,car[1],236.853,129.265,13.3378,-0.00880746
9.3,car[0],265.847,188.404,19.9401,-0.555575
9.3,car[1],237.827,130.177,13.3404,0.0260584
9.4,car[0],266.263,190.352,19.9237,-0.16431
9.4,car[1],238.8,131.09,13.3428,0.0234034
9.5,car[0],266.663,192.3,19.8826,-0.410631
9.5,car[1],239.773,132.003,13.3451,0.023059
9.6,car[0],266.915,194.276,19.9257,0.430999
9.6,car[1],240.677,132.983,13.339,-0.0605662
9.7,car[0],267.167,196.248,19.8734,-0.523932
9.7,car[1],241.45,134.078,13.397,0.580087
9.8,car[0],267.42,198.231,19.9989,1.25564
9.8,car[1],242.225,135.177,13.4519,0.549084
9.9,car[0],267.673,200.213,19.9744,-0.245163
9.9,car[1],243.004,136.281,13.5062,0.542856
10,car[0],267.925,202.188,19.9094,-0.650012
10,car[1],243.783,137.386,13.5161,0.0985931
10.1,car[0],268.177,204.162,19.9026,-0.0676825
10.1,car[1],244.562,138.491,13.5284,0.12337
10.2,car[0],268.558,206.114,19.8836,-0.190642
10.2,car[1],245.343,139.598,13.5403,0.119284
10.3,car[0],268.99,208.058,19.9179,0.343187
10.3,car[1],246.126,140.709,13.595,0.546603
10.4,car[0],269.423,210.007,19.9712,0.532873
10.4,car[1],246.913,141.824,13.6474,0.523779
10.5,car[0],269.857,211.957,19.9756,0.0438557
10.5,car[1],247.703,142.943,13.6991,0.517589
10.6,car[0],270.29,213.906,19.968,-0.0758469
10.6,car[1],248.434,144.104,13.7215,0.223545
10.7,car[0],270.664,215.864,19.9289,-0.390751
10.7,car[1],249.071,145.322,13.7451,0.235658
10.8,car[0],271.034,217.829,19.995,0.661392
10.8,car[1],249.709,146.542,13.7681,0.22996
10.9,car[0],271.403,219.79,19.9508,-0.442218
10.9,car[1],250.349,147.764,13.7906,0.225465
11,car[0],271.772,221.75,19.9436,-0.0720609
11,car[1],250.991,148.99,13.8415,0.509227
11.1,car[0],272.14,223.702,19.863,-0.805755
11.1,car[1],251.635,150.221,13.8907,0.492119
11.2,car[0],272.509,225.664,19.966,1.02966
11.2,car[1],252.281,151.456,13.9393,0.48615
11.3,car[0],272.879,227.627,19.9771,0.111332
11.3,car[1],252.93,152.695,13.9873,0.479857
11.4,car[0],273.492,229.515,19.8472,-1.29919
11.4,car[1],253.581,153.939,14.0347,0.473656
11.5,car[0],274.184,231.378,19.8747,0.274464
11.5,car[1],254.234,155.186,14.0815,0.467532
11.6,car[0],274.88,233.249,19.964,0.892962
11.6,car[1],254.881,156.442,14.1264,0.449077
11.7,car[0],275.574,235.117,19.9273,-0.366737
11.7,car[1],255.493,157.72,14.172,0.456142
11.8,car[0],276.266,236.981,19.8839,-0.434124
11.8,car[1],256.103,158.993,14.1111,-0.608268
11.9,car[0],276.958,238.842,19.8568,-0.270295
11.9,car[1],256.71,160.261,14.058,-0.531101
12,car[0],277.654,240.714,19.9711,1.14244
12,car[1],257.315,161.524,14.0056,-0.524595
12.1,car[0],278.345,242.575,19.8504,-1.2068
12.1,car[1],257.922,162.792,14.0563,0.507633
12.2,car[0],279.039,244.441,19.9048,0.543686
12.2,car[1],258.531,164.064,14.1027,0.463407
12.3,car[0],279.819,246.276,19.9477,0.428933
12.3,car[1],259.142,165.34,14.1486,0.458796
12.4,car[0],280.692,248.06,19.8534,-0.94318
12.4,car[1],259.755,166.62,14.1938,0.452816
12.5,car[0],281.567,249.848,19.9132,0.598802
12.5,car[1],260.367,167.899,14.1787,-0.151724
12.6,car[0],282.443,251.64,19.9487,0.354273
12.6,car[1],260.979,169.176,14.1675,-0.111997
12.7,car[1],261.591,170.453,14.1563,-0.112042
12.8,car[1],262.202,171.73,14.1563,0
12.9,car[1],262.579,173.087,14.0806,-0.75637
13,car[1],262.874,174.471,14.1563,0.75637
13.1,car[1],263.17,175.856,14.1563,-4.3876e-12
13.2,car[1],263.465,177.24,14.1563,3.19744e-12
13.3,car[1],263.761,178.625,14.1563,-3.19744e-12
13.4,car[1],264.056,180.009,14.1563,3.05533e-12
13.5,car[1],264.351,181.393,14.1563,-5.41789e-12
13.6,car[1],264.647,182.778,14.1563,7.94032e-12
13.7,car[1],264.942,184.162,14.1563,-1.19016e-12
13.8,car[1],265.238,185.547,14.1563,-5.56e-12
13.9,car[1],265.533,186.931,14.1563,-1.35003e-12
14,car[1],265.828,188.316,14.1563,6.91003e-12
14.1,car[1],266.124,189.7,14.1563,-5.56e-12
14.2,car[1],266.419,191.085,14.1563,6.75016e-12
14.3,car[1],266.685,192.474,14.147,-0.0924261
14.4,car[1],266.865,193.878,14.1563,0.0924261
14.5,car[1],267.044,195.283,14.1563,8.86402e-12
14.6,car[1],267.223,196.687,14.1563,0
14.7,car[1],267.402,198.091,14.1563,-6.35936e-12
14.8,car[1],267.582,199.495,14.1563,5.64881e-12
14.9,car[1],267.761,200.9,14.1563,-2.52243e-12
15,car[1],267.94,202.304,14.1563,-2.41585e-12
15.1,car[1],268.12,203.708,14.1563,4.93827e-12
15.2,car[1],268.334,205.106,14.1445,-0.118114
15.3,car[1],268.641,206.488,14.1563,0.118114
15.4,car[1],268.948,207.87,14.1563,-5.32907e-14
15.5,car[1],269.255,209.252,14.1563,5.32907e-14
15.6,car[1],269.563,210.634,14.1563,8.01137e-12
15.7,car[1],269.87,212.016,14.1563,-8.01137e-12
15.8,car[1],270.177,213.397,14.1563,8.01137e-12
15.9,car[1],270.46,214.784,14.1544,-0.0187358
16,car[1],270.722,216.175,14.1563,0.0187358
16.1,car[1],270.984,217.567,14.1563,3.05533e-12
16.2,car[1],271.246,218.958,14.1563,-5.50671e-13
16.3,car[1],271.508,220.349,14.1563,5.50671e-13
16.4,car[1],271.77,221.74,14.1563,5.02709e-12
16.5,car[1],272.032,223.131,14.1563,-1.06049e-11
16.6,car[1],272.294,224.522,14.1563,0
16.7,car[1],272.556,225.914,14.1563,1.06049e-11
16.8,car[1],272.818,227.305,14.1563,-5.02709e-12
16.9,car[1],273.178,228.669,14.1066,-0.496211
17,car[1],273.671,229.996,14.1563,0.496211
17.1,car[1],274.164,231.323,14.1563,0
17.2,car[1],274.657,232.65,14.1563,5.04485e-12
17.3,car[1],275.15,233.977,14.1563,-5.04485e-12
17.4,car[1],275.643,235.304,14.1563,5.04485e-12
17.5,car[1],276.136,236.631,14.1563,-5.04485e-12
17.6,car[1],276.629,237.958,14.1563,-4.63629e-12
17.7,car[1],277.123,239.285,14.1563,9.00613e-12
17.8,car[1],277.616,240.612,14.1563,-6.34159e-12
17.9,car[1],278.109,241.939,14.1563,9.00613e-12
18,car[1],278.602,243.266,14.1563,-1.16707e-11
18.1,car[1],279.095,244.592,14.1563,1.16707e-11
18.2,car[1],279.635,245.899,14.1402,-0.160662
18.3,car[1],280.257,247.171,14.1563,0.160662
18.4,car[1],280.879,248.443,14.1563,7.58504e-12
18.5,car[1],281.501,249.714,14.1563,-5.02709e-12
18.6,car[1],282.123,250.986,14.1563,2.46914e-12
18.7,car[1],282.745,252.258,14.1563,-2.46914e-12
