receive_time,seq,send_time,delay
5.021,0,5,0.021
5.03,1,5.002,0.028
5.037,2,5.004,0.033
5.067,3,5.006,0.061
5.074,4,5.008,0.066
5.081,5,5.01,0.071
5.088,6,5.012,0.076
5.095,7,5.014,0.081
5.103,8,5.016,0.087
5.11,9,5.018,0.092
5.117,10,5.02,0.097
5.124,11,5.022,0.102
5.131,12,5.024,0.107
5.139,13,5.026,0.113
5.146,14,5.028,0.118
5.153,15,5.03,0.123
5.16,16,5.032,0.128
5.167,17,5.034,0.133
5.174,18,5.036,0.138
5.182,19,5.038,0.144
5.189,20,5.04,0.149
5.196,21,5.042,0.154
5.203,22,5.044,0.159
5.21,23,5.046,0.164
5.218,24,5.048,0.17
5.225,25,5.05,0.175
5.255,26,5.052,0.203
5.262,27,5.054,0.208
5.269,28,5.056,0.213
5.276,29,5.058,0.218
5.283,30,5.06,0.223
5.291,31,5.062,0.229
5.298,32,5.064,0.234
5.305,33,5.066,0.239
5.312,34,5.068,0.244
5.319,35,5.07,0.249
5.327,36,5.072,0.255
5.334,37,5.074,0.26
5.341,38,5.076,0.265
5.348,39,5.078,0.27
5.355,40,5.08,0.275
5.362,41,5.082,0.28
5.37,42,5.084,0.286
5.377,43,5.086,0.291
5.384,44,5.088,0.296
5.391,45,5.09,0.301
5.398,46,5.092,0.306
5.406,47,5.094,0.312
5.413,48,5.096,0.317
5.42,49,5.098,0.322
5.429,50,5.1,0.329
5.436,51,5.102,0.334
5.443,52,5.104,0.339
5.451,53,5.106,0.345
5.458,54,5.108,0.35
5.465,55,5.11,0.355
5.472,56,5.112,0.36
5.479,57,5.114,0.365
5.487,58,5.116,0.371
5.494,59,5.118,0.376
5.501,60,5.12,0.381
5.508,61,5.122,0.386
5.515,62,5.124,0.391
5.523,63,5.126,0.397
5.53,64,5.128,0.402
5.537,65,5.13,0.407
5.544,66,5.132,0.412
5.551,67,5.134,0.417
5.558,68,5.136,0.422
5.566,69,5.138,0.428
5.573,70,5.14,0.433
5.58,71,5.142,0.438
5.587,72,5.144,0.443
5.594,73,5.146,0.448
5.602,74,5.148,0.454
5.609,75,5.15,0.459
5.616,76,5.152,0.464
5.623,77,5.154,0.469
5.63,78,5.156,0.474
5.638,79,5.158,0.48
5.645,80,5.16,0.485
5.652,81,5.162,0.49
5.659,82,5.164,0.495
5.666,83,5.166,0.5
5.673,84,5.168,0.505
5.681,85,5.17,0.511
5.688,86,5.172,0.516
5.695,87,5.174,0.521
5.702,88,5.176,0.526
5.709,89,5.178,0.531
5.717,90,5.18,0.537
5.724,91,5.182,0.542
5.731,92,5.184,0.547
5.738,93,5.186,0.552
5.745,94,5.188,0.557
5.752,95,5.19,0.562
5.76,96,5.192,0.568
5.767,97,5.194,0.573
5.774,98,5.196,0.578
5.781,99,5.198,0.583
5.79,100,5.2,0.59
5.798,101,5.202,0.596
5.805,102,5.204,0.601
5.812,103,5.206,0.606
5.819,104,5.208,0.611
5.826,105,5.21,0.616
5.833,106,5.212,0.621
5.841,107,5.214,0.627
5.848,108,5.216,0.632
5.855,109,5.218,0.637
5.862,110,5.22,0.642
5.869,111,5.222,0.647
5.877,112,5.224,0.653
5.884,113,5.226,0.658
5.891,114,5.228,0.663
5.898,115,5.23,0.668
5.905,116,5.232,0.673
5.913,117,5.234,0.679
5.92,118,5.236,0.684
5.927,119,5.238,0.689
5.957,120,5.24,0.717
5.964,121,5.242,0.722
5.971,122,5.244,0.727
5.978,123,5.246,0.732
5.985,124,5.248,0.737
5.993,125,5.25,0.743
6,126,5.252,0.748
6.007,127,5.254,0.753
6.014,128,5.256,0.758
6.021,129,5.258,0.763
6.029,130,5.26,0.769
6.036,131,5.262,0.774
6.043,132,5.264,0.779
6.05,133,5.266,0.784
6.057,134,5.268,0.789
6.064,135,5.27,0.794
6.072,136,5.272,0.8
6.079,137,5.274,0.805
6.086,138,5.276,0.81
6.093,139,5.278,0.815
6.1,140,5.28,0.82
6.108,141,5.282,0.826
6.115,142,5.284,0.831
6.122,143,5.286,0.836
6.129,144,5.288,0.841
6.136,145,5.29,0.846
6.144,146,5.292,0.852
6.151,147,5.294,0.857
6.158,148,5.296,0.862
6.165,149,5.298,0.867
6.174,150,5.3,0.874
6.181,151,5.302,0.879
6.189,152,5.304,0.885
6.196,153,5.306,0.89
6.203,154,5.308,0.895
6.21,155,5.31,0.9
6.217,156,5.312,0.905
6.225,157,5.314,0.911
6.232,158,5.316,0.916
6.239,159,5.318,0.921
6.246,160,5.32,0.926
6.253,161,5.322,0.931
6.26,162,5.324,0.936
6.268,163,5.326,0.942
6.275,164,5.328,0.947
6.282,165,5.33,0.952
6.289,166,5.332,0.957
6.296,167,5.334,0.962
6.304,168,5.336,0.968
6.311,169,5.338,0.973
6.318,170,5.34,0.978
6.325,171,5.342,0.983
6.332,172,5.344,0.988
6.34,173,5.346,0.994
6.347,174,5.348,0.999
6.354,175,5.35,1.004
6.361,176,5.352,1.009
6.368,177,5.354,1.014
6.375,178,5.356,1.019
6.383,179,5.358,1.025
6.39,180,5.36,1.03
6.397,181,5.362,1.035
6.404,182,5.364,1.04
6.411,183,5.366,1.045
6.419,184,5.368,1.051
6.426,185,5.37,1.056
6.433,186,5.372,1.061
6.44,187,5.374,1.066
6.447,188,5.376,1.071
6.455,189,5.378,1.077
6.462,190,5.38,1.082
6.469,191,5.382,1.087
6.476,192,5.384,1.092
6.483,193,5.386,1.097
6.49,194,5.388,1.102
6.498,195,5.39,1.108
6.505,196,5.392,1.113
6.512,197,5.394,1.118
6.519,198,5.396,1.123
6.526,199,5.398,1.128
6.535,200,5.4,1.135
6.543,201,5.402,1.141
6.55,202,5.404,1.146
6.557,203,5.406,1.151
6.564,204,5.408,1.156
6.571,205,5.41,1.161
6.579,206,5.412,1.167
6.586,207,5.414,1.172
6.593,208,5.416,1.177
6.6,209,5.418,1.182
6.607,210,5.42,1.187
6.615,211,5.422,1.193
6.622,212,5.424,1.198
6.629,213,5.426,1.203
6.636,214,5.428,1.208
6.643,215,5.43,1.213
6.65,216,5.432,1.218
6.658,217,5.434,1.224
6.665,218,5.436,1.229
6.672,219,5.438,1.234
6.679,220,5.44,1.239
6.686,221,5.442,1.244
6.694,222,5.444,1.25
6.701,223,5.446,1.255
6.708,224,5.448,1.26
6.715,225,5.45,1.265
6.722,226,5.452,1.27
6.73,227,5.454,1.276
6.737,228,5.456,1.281
6.744,229,5.458,1.286
6.751,230,5.46,1.291
6.758,231,5.462,1.296
6.765,232,5.464,1.301
6.773,233,5.466,1.307
6.78,234,5.468,1.312
6.787,235,5.47,1.317
6.794,236,5.472,1.322
6.801,237,5.474,1.327
6.809,238,5.476,1.333
6.816,239,5.478,1.338
6.823,240,5.48,1.343
6.83,241,5.482,1.348
6.837,242,5.484,1.353
6.845,243,5.486,1.359
6.852,244,5.488,1.364
6.859,245,5.49,1.369
6.866,246,5.492,1.374
6.873,247,5.494,1.379
6.88,248,5.496,1.384
6.888,249,5.498,1.39
6.897,250,5.5,1.397
6.904,251,5.502,1.402
6.911,252,5.504,1.407
6.918,253,5.506,1.412
6.926,254,5.508,1.418
6.933,255,5.51,1.423
6.94,256,5.512,1.428
6.947,257,5.514,1.433
6.954,258,5.516,1.438
6.961,259,5.518,1.443
6.969,260,5.52,1.449
6.976,261,5.522,1.454
6.983,262,5.524,1.459
6.99,263,5.526,1.464
6.997,264,5.528,1.469
7.005,265,5.53,1.475
7.012,266,5.532,1.48
7.019,267,5.534,1.485
7.026,268,5.536,1.49
7.033,269,5.538,1.495
7.041,270,5.54,1.501
7.048,271,5.542,1.506
7.055,272,5.544,1.511
7.062,273,5.546,1.516
7.069,274,5.548,1.521
7.076,275,5.55,1.526
7.084,276,5.552,1.532
7.091,277,5.554,1.537
7.098,278,5.556,1.542
7.105,279,5.558,1.547
7.112,280,5.56,1.552
7.12,281,5.562,1.558
7.127,282,5.564,1.563
7.134,283,5.566,1.568
7.141,284,5.568,1.573
7.148,285,5.57,1.578
7.156,286,5.572,1.584
7.163,287,5.574,1.589
7.17,288,5.576,1.594
7.177,289,5.578,1.599
7.184,290,5.58,1.604
7.191,291,5.582,1.609
7.199,292,5.584,1.615
7.206,293,5.586,1.62
7.213,294,5.588,1.625
7.22,295,5.59,1.63
7.227,296,5.592,1.635
7.235,297,5.594,1.641
7.242,298,5.596,1.646
7.249,299,5.598,1.651
7.258,300,5.6,1.658
7.265,301,5.602,1.663
7.272,302,5.604,1.668
7.28,303,5.606,1.674
7.287,304,5.608,1.679
7.294,305,5.61,1.684
7.301,306,5.612,1.689
7.308,307,5.614,1.694
7.316,308,5.616,1.7
7.323,309,5.618,1.705
7.33,310,5.62,1.71
7.337,311,5.622,1.715
7.344,312,5.624,1.72
7.351,313,5.626,1.725
7.359,314,5.628,1.731
7.366,315,5.63,1.736
7.373,316,5.632,1.741
7.38,317,5.634,1.746
7.387,318,5.636,1.751
7.395,319,5.638,1.757
7.402,320,5.64,1.762
7.409,321,5.642,1.767
7.416,322,5.644,1.772
7.423,323,5.646,1.777
7.431,324,5.648,1.783
7.438,325,5.65,1.788
7.445,326,5.652,1.793
7.452,327,5.654,1.798
7.459,328,5.656,1.803
7.466,329,5.658,1.808
7.474,330,5.66,1.814
7.481,331,5.662,1.819
7.488,332,5.664,1.824
7.495,333,5.666,1.829
7.502,334,5.668,1.834
7.51,335,5.67,1.84
7.517,336,5.672,1.845
7.524,337,5.674,1.85
7.531,338,5.676,1.855
7.538,339,5.678,1.86
7.546,340,5.68,1.866
7.553,341,5.682,1.871
7.56,342,5.684,1.876
7.567,343,5.686,1.881
7.574,344,5.688,1.886
7.581,345,5.69,1.891
7.589,346,5.692,1.897
7.596,347,5.694,1.902
7.603,348,5.696,1.907
7.61,349,5.698,1.912
7.619,350,5.7,1.919
7.627,351,5.702,1.925
7.634,352,5.704,1.93
7.641,353,5.706,1.935
7.648,354,5.708,1.94
7.655,355,5.71,1.945
7.662,356,5.712,1.95
7.67,357,5.714,1.956
7.677,358,5.716,1.961
7.684,359,5.718,1.966
7.691,360,5.72,1.971
7.698,361,5.722,1.976
7.706,362,5.724,1.982
7.713,363,5.726,1.987
7.72,364,5.728,1.992
7.727,365,5.73,1.997
7.734,366,5.732,2.002
7.742,367,5.734,2.008
7.749,368,5.736,2.013
7.756,369,5.738,2.018
7.763,370,5.74,2.023
7.77,371,5.742,2.028
7.777,372,5.744,2.033
7.785,373,5.746,2.039
7.792,374,5.748,2.044
7.799,375,5.75,2.049
7.806,376,5.752,2.054
7.813,377,5.754,2.059
7.821,378,5.756,2.065
7.828,379,5.758,2.07
7.835,380,5.76,2.075
7.842,381,5.762,2.08
7.849,382,5.764,2.085
7.857,383,5.766,2.091
7.864,384,5.768,2.096
7.871,385,5.77,2.101
7.878,386,5.772,2.106
7.885,387,5.774,2.111
7.892,388,5.776,2.116
7.9,389,5.778,2.122
7.907,390,5.78,2.127
7.914,391,5.782,2.132
7.921,392,5.784,2.137
7.928,393,5.786,2.142
7.936,394,5.788,2.148
7.943,395,5.79,2.153
7.95,396,5.792,2.158
7.957,397,5.794,2.163
7.964,398,5.796,2.168
7.972,399,5.798,2.174
7.981,400,5.8,2.181
7.988,401,5.802,2.186
7.995,402,5.804,2.191
8.002,403,5.806,2.196
8.009,404,5.808,2.201
8.017,405,5.81,2.207
8.024,406,5.812,2.212
8.031,407,5.814,2.217
8.038,408,5.816,2.222
8.045,409,5.818,2.227
8.052,410,5.82,2.232
8.06,411,5.822,2.238
8.067,412,5.824,2.243
8.074,413,5.826,2.248
8.081,414,5.828,2.253
8.088,415,5.83,2.258
8.096,416,5.832,2.264
8.103,417,5.834,2.269
8.11,418,5.836,2.274
8.117,419,5.838,2.279
8.124,420,5.84,2.284
8.132,421,5.842,2.29
8.139,422,5.844,2.295
8.146,423,5.846,2.3
8.153,424,5.848,2.305
8.16,425,5.85,2.31
8.167,426,5.852,2.315
8.175,427,5.854,2.321
8.182,428,5.856,2.326
8.189,429,5.858,2.331
8.196,430,5.86,2.336
8.203,431,5.862,2.341
8.211,432,5.864,2.347
8.218,433,5.866,2.352
8.225,434,5.868,2.357
8.232,435,5.87,2.362
8.239,436,5.872,2.367
8.247,437,5.874,2.373
8.254,438,5.876,2.378
8.261,439,5.878,2.383
8.268,440,5.88,2.388
8.275,441,5.882,2.393
8.282,442,5.884,2.398
8.29,443,5.886,2.404
8.297,444,5.888,2.409
8.304,445,5.89,2.414
8.311,446,5.892,2.419
8.318,447,5.894,2.424
8.326,448,5.896,2.43
8.333,449,5.898,2.435
8.342,450,5.9,2.442
8.349,451,5.902,2.447
8.356,452,5.904,2.452
8.363,453,5.906,2.457
8.371,454,5.908,2.463
8.378,455,5.91,2.468
8.385,456,5.912,2.473
8.392,457,5.914,2.478
8.399,458,5.916,2.483
8.407,459,5.918,2.489
8.414,460,5.92,2.494
8.421,461,5.922,2.499
8.428,462,5.924,2.504
8.435,463,5.926,2.509
8.443,464,5.928,2.515
8.45,465,5.93,2.52
8.457,466,5.932,2.525
8.464,467,5.934,2.53
8.471,468,5.936,2.535
8.478,469,5.938,2.54
8.486,470,5.94,2.546
8.516,471,5.942,2.574
8.523,472,5.944,2.579
8.53,473,5.946,2.584
8.537,474,5.948,2.589
8.544,475,5.95,2.594
8.552,476,5.952,2.6
8.559,477,5.954,2.605
8.566,478,5.956,2.61
8.573,479,5.958,2.615
8.58,480,5.96,2.62
8.588,481,5.962,2.626
8.595,482,5.964,2.631
8.602,483,5.966,2.636
8.609,484,5.968,2.641
8.616,485,5.97,2.646
8.623,486,5.972,2.651
8.631,487,5.974,2.657
8.638,488,5.976,2.662
8.645,489,5.978,2.667
8.652,490,5.98,2.672
8.659,491,5.982,2.677
8.667,492,5.984,2.683
8.674,493,5.986,2.688
8.681,494,5.988,2.693
8.688,495,5.99,2.698
8.695,496,5.992,2.703
8.703,497,5.994,2.709
8.71,498,5.996,2.714
8.717,499,5.998,2.719
8.726,500,6,2.726
8.733,501,6.002,2.731
8.74,502,6.004,2.736
8.748,503,6.006,2.742
8.755,504,6.008,2.747
8.762,505,6.01,2.752
8.769,506,6.012,2.757
8.776,507,6.014,2.762
8.783,508,6.016,2.767
8.791,509,6.018,2.773
8.798,510,6.02,2.778
8.805,511,6.022,2.783
8.812,512,6.024,2.788
8.819,513,6.026,2.793
8.827,514,6.028,2.799
8.834,515,6.03,2.804
8.841,516,6.032,2.809
8.848,517,6.034,2.814
8.855,518,6.036,2.819
8.863,519,6.038,2.825
8.87,520,6.04,2.83
8.877,521,6.042,2.835
8.884,522,6.044,2.84
8.891,523,6.046,2.845
8.898,524,6.048,2.85
8.906,525,6.05,2.856
8.913,526,6.052,2.861
8.92,527,6.054,2.866
8.927,528,6.056,2.871
8.934,529,6.058,2.876
8.942,530,6.06,2.882
8.949,531,6.062,2.887
8.956,532,6.064,2.892
8.963,533,6.066,2.897
8.97,534,6.068,2.902
8.978,535,6.07,2.908
8.985,536,6.072,2.913
8.992,537,6.074,2.918
8.999,538,6.076,2.923
9.006,539,6.078,2.928
9.013,540,6.08,2.933
9.021,541,6.082,2.939
9.028,542,6.084,2.944
9.035,543,6.086,2.949
9.042,544,6.088,2.954
9.049,545,6.09,2.959
9.057,546,6.092,2.965
9.064,547,6.094,2.97
9.071,548,6.096,2.975
9.078,549,6.098,2.98
9.087,550,6.1,2.987
9.094,551,6.102,2.992
9.102,552,6.104,2.998
9.11,553,6.106,3.004
9.117,554,6.108,3.009
9.124,555,6.11,3.014
9.131,556,6.112,3.019
9.139,557,6.114,3.025
9.146,558,6.116,3.03
9.153,559,6.118,3.035
9.16,560,6.12,3.04
9.167,561,6.122,3.045
9.175,562,6.124,3.051
9.182,563,6.126,3.056
9.189,564,6.128,3.061
9.196,565,6.13,3.066
9.203,566,6.132,3.071
9.211,567,6.134,3.077
9.219,568,6.136,3.083
9.226,569,6.138,3.088
9.233,570,6.14,3.093
9.24,571,6.142,3.098
9.247,572,6.144,3.103
9.255,573,6.146,3.109
9.262,574,6.148,3.114
9.269,575,6.15,3.119
9.276,576,6.152,3.124
9.283,577,6.154,3.129
9.291,578,6.156,3.135
9.298,579,6.158,3.14
9.305,580,6.16,3.145
9.312,581,6.162,3.15
9.319,582,6.164,3.155
9.326,583,6.166,3.16
9.334,584,6.168,3.166
9.341,585,6.17,3.171
9.348,586,6.172,3.176
9.355,587,6.174,3.181
9.362,588,6.176,3.186
9.37,589,6.178,3.192
9.377,590,6.18,3.197
9.384,591,6.182,3.202
9.391,592,6.184,3.207
9.398,593,6.186,3.212
9.406,594,6.188,3.218
9.413,595,6.19,3.223
9.42,596,6.192,3.228
9.427,597,6.194,3.233
9.434,598,6.196,3.238
9.441,599,6.198,3.243
9.451,600,6.2,3.251
9.458,601,6.202,3.256
9.465,602,6.204,3.261
9.472,603,6.206,3.266
9.479,604,6.208,3.271
9.486,605,6.21,3.276
9.494,606,6.212,3.282
9.501,607,6.214,3.287
9.508,608,6.216,3.292
9.515,609,6.218,3.297
9.522,610,6.22,3.302
9.53,611,6.222,3.308
9.537,612,6.224,3.313
9.544,613,6.226,3.318
9.551,614,6.228,3.323
9.558,615,6.23,3.328
9.566,616,6.232,3.334
9.573,617,6.234,3.339
9.58,618,6.236,3.344
9.587,619,6.238,3.349
9.594,620,6.24,3.354
9.601,621,6.242,3.359
9.609,622,6.244,3.365
9.616,623,6.246,3.37
9.623,624,6.248,3.375
9.63,625,6.25,3.38
9.637,626,6.252,3.385
9.645,627,6.254,3.391
9.652,628,6.256,3.396
9.659,629,6.258,3.401
9.666,630,6.26,3.406
9.673,631,6.262,3.411
9.681,632,6.264,3.417
9.688,633,6.266,3.422
9.695,634,6.268,3.427
9.702,635,6.27,3.432
9.709,636,6.272,3.437
9.716,637,6.274,3.442
9.724,638,6.276,3.448
9.731,639,6.278,3.453
9.738,640,6.28,3.458
9.745,641,6.282,3.463
9.752,642,6.284,3.468
9.76,643,6.286,3.474
9.767,644,6.288,3.479
9.774,645,6.29,3.484
9.781,646,6.292,3.489
9.788,647,6.294,3.494
9.796,648,6.296,3.5
9.803,649,6.298,3.505
9.812,650,6.3,3.512
9.819,651,6.302,3.517
9.826,652,6.304,3.522
9.833,653,6.306,3.527
9.841,654,6.308,3.533
9.848,655,6.31,3.538
9.855,656,6.312,3.543
9.862,657,6.314,3.548
9.869,658,6.316,3.553
9.877,659,6.318,3.559
9.884,660,6.32,3.564
9.891,661,6.322,3.569
9.898,662,6.324,3.574
9.905,663,6.326,3.579
9.912,664,6.328,3.584
9.92,665,6.33,3.59
9.927,666,6.332,3.595
9.934,667,6.334,3.6
9.941,668,6.336,3.605
9.948,669,6.338,3.61
9.956,670,6.34,3.616
9.963,671,6.342,3.621
9.97,672,6.344,3.626
9.977,673,6.346,3.631
9.984,674,6.348,3.636
9.992,675,6.35,3.642
9.999,676,6.352,3.647
10.006,677,6.354,3.652
10.013,678,6.356,3.657
10.02,679,6.358,3.662
10.027,680,6.36,3.667
10.035,681,6.362,3.673
10.042,682,6.364,3.678
10.049,683,6.366,3.683
10.056,684,6.368,3.688
10.063,685,6.37,3.693
10.071,686,6.372,3.699
10.078,687,6.374,3.704
10.085,688,6.376,3.709
10.092,689,6.378,3.714
10.099,690,6.38,3.719
10.107,691,6.382,3.725
10.114,692,6.384,3.73
10.121,693,6.386,3.735
10.128,694,6.388,3.74
10.135,695,6.39,3.745
10.142,696,6.392,3.75
10.15,697,6.394,3.756
10.157,698,6.396,3.761
10.164,699,6.398,3.766
10.173,700,6.4,3.773
10.18,701,6.402,3.778
10.187,702,6.404,3.783
10.195,703,6.406,3.789
10.202,704,6.408,3.794
10.209,705,6.41,3.799
10.216,706,6.412,3.804
10.223,707,6.414,3.809
10.231,708,6.416,3.815
10.238,709,6.418,3.82
10.245,710,6.42,3.825
10.252,711,6.422,3.83
10.259,712,6.424,3.835
10.267,713,6.426,3.841
10.274,714,6.428,3.846
10.281,715,6.43,3.851
10.288,716,6.432,3.856
10.295,717,6.434,3.861
10.302,718,6.436,3.866
10.31,719,6.438,3.872
10.317,720,6.44,3.877
10.324,721,6.442,3.882
10.331,722,6.444,3.887
10.338,723,6.446,3.892
10.346,724,6.448,3.898
10.353,725,6.45,3.903
10.36,726,6.452,3.908
10.367,727,6.454,3.913
10.374,728,6.456,3.918
10.382,729,6.458,3.924
10.389,730,6.46,3.929
10.396,731,6.462,3.934
10.403,732,6.464,3.939
10.41,733,6.466,3.944
10.417,734,6.468,3.949
10.425,735,6.47,3.955
10.432,736,6.472,3.96
10.439,737,6.474,3.965
10.446,738,6.476,3.97
10.453,739,6.478,3.975
10.461,740,6.48,3.981
10.468,741,6.482,3.986
10.475,742,6.484,3.991
10.482,743,6.486,3.996
10.489,744,6.488,4.001
10.497,745,6.49,4.007
10.504,746,6.492,4.012
10.511,747,6.494,4.017
10.518,748,6.496,4.022
10.525,749,6.498,4.027
10.534,750,6.5,4.034
10.542,751,6.502,4.04
10.549,752,6.504,4.045
10.556,753,6.506,4.05
10.563,754,6.508,4.055
10.57,755,6.51,4.06
10.578,756,6.512,4.066
10.585,757,6.514,4.071
10.592,758,6.516,4.076
10.599,759,6.518,4.081
10.606,760,6.52,4.086
10.613,761,6.522,4.091
10.621,762,6.524,4.097
10.628,763,6.526,4.102
10.635,764,6.528,4.107
10.642,765,6.53,4.112
10.649,766,6.532,4.117
10.657,767,6.534,4.123
10.664,768,6.536,4.128
10.671,769,6.538,4.133
10.678,770,6.54,4.138
10.685,771,6.542,4.143
10.693,772,6.544,4.149
10.7,773,6.546,4.154
10.707,774,6.548,4.159
10.714,775,6.55,4.164
10.721,776,6.552,4.169
10.728,777,6.554,4.174
10.736,778,6.556,4.18
10.743,779,6.558,4.185
10.75,780,6.56,4.19
10.757,781,6.562,4.195
10.764,782,6.564,4.2
10.772,783,6.566,4.206
10.779,784,6.568,4.211
10.786,785,6.57,4.216
10.793,786,6.572,4.221
10.8,787,6.574,4.226
10.808,788,6.576,4.232
10.815,789,6.578,4.237
10.822,790,6.58,4.242
10.829,791,6.582,4.247
10.836,792,6.584,4.252
10.843,793,6.586,4.257
10.851,794,6.588,4.263
10.858,795,6.59,4.268
10.865,796,6.592,4.273
10.872,797,6.594,4.278
10.879,798,6.596,4.283
10.887,799,6.598,4.289
10.896,800,6.6,4.296
10.903,801,6.602,4.301
10.91,802,6.604,4.306
10.917,803,6.606,4.311
10.924,804,6.608,4.316
10.932,805,6.61,4.322
10.939,806,6.612,4.327
10.946,807,6.614,4.332
10.953,808,6.616,4.337
10.96,809,6.618,4.342
10.968,810,6.62,4.348
10.975,811,6.622,4.353
10.982,812,6.624,4.358
10.989,813,6.626,4.363
10.996,814,6.628,4.368
11.003,815,6.63,4.373
11.011,816,6.632,4.379
11.018,817,6.634,4.384
11.025,818,6.636,4.389
11.032,819,6.638,4.394
11.039,820,6.64,4.399
11.047,821,6.642,4.405
11.054,822,6.644,4.41
11.061,823,6.646,4.415
11.068,824,6.648,4.42
11.075,825,6.65,4.425
11.083,826,6.652,4.431
11.09,827,6.654,4.436
11.097,828,6.656,4.441
11.104,829,6.658,4.446
11.111,830,6.66,4.451
11.118,831,6.662,4.456
11.126,832,6.664,4.462
11.133,833,6.666,4.467
11.14,834,6.668,4.472
11.147,835,6.67,4.477
11.154,836,6.672,4.482
11.162,837,6.674,4.488
11.169,838,6.676,4.493
11.176,839,6.678,4.498
11.183,840,6.68,4.503
11.19,841,6.682,4.508
11.198,842,6.684,4.514
11.205,843,6.686,4.519
11.212,844,6.688,4.524
11.219,845,6.69,4.529
11.226,846,6.692,4.534
11.233,847,6.694,4.539
11.241,848,6.696,4.545
11.248,849,6.698,4.55
11.257,850,6.7,4.557
11.264,851,6.702,4.562
11.271,852,6.704,4.567
11.279,853,6.706,4.573
11.286,854,6.708,4.578
11.293,855,6.71,4.583
11.3,856,6.712,4.588
11.307,857,6.714,4.593
11.314,858,6.716,4.598
11.322,859,6.718,4.604
11.329,860,6.72,4.609
11.336,861,6.722,4.614
11.343,862,6.724,4.619
11.35,863,6.726,4.624
11.358,864,6.728,4.63
11.365,865,6.73,4.635
11.372,866,6.732,4.64
11.379,867,6.734,4.645
11.386,868,6.736,4.65
11.394,869,6.738,4.656
11.401,870,6.74,4.661
11.408,871,6.742,4.666
11.415,872,6.744,4.671
11.422,873,6.746,4.676
11.429,874,6.748,4.681
11.437,875,6.75,4.687
11.444,876,6.752,4.692
11.451,877,6.754,4.697
11.458,878,6.756,4.702
11.465,879,6.758,4.707
11.473,880,6.76,4.713
11.48,881,6.762,4.718
11.487,882,6.764,4.723
11.494,883,6.766,4.728
11.501,884,6.768,4.733
11.51,885,6.77,4.74
11.517,886,6.772,4.745
11.524,887,6.774,4.75
11.531,888,6.776,4.755
11.538,889,6.778,4.76
11.545,890,6.78,4.765
11.556,891,6.782,4.774
11.561,892,6.784,4.777
11.568,893,6.786,4.782
11.575,894,6.788,4.787
11.582,895,6.79,4.792
11.59,896,6.792,4.798
11.597,897,6.794,4.803
11.604,898,6.796,4.808
11.611,899,6.798,4.813
11.62,900,6.8,4.82
11.627,901,6.802,4.825
11.635,902,6.804,4.831
11.642,903,6.806,4.836
11.649,904,6.808,4.841
11.656,905,6.81,4.846
11.663,906,6.812,4.851
11.671,907,6.814,4.857
11.678,908,6.816,4.862
11.687,909,6.818,4.869
11.693,910,6.82,4.873
11.7,911,6.822,4.878
11.707,912,6.824,4.883
11.715,913,6.826,4.889
11.722,914,6.828,4.894
11.729,915,6.83,4.899
11.736,916,6.832,4.904
11.743,917,6.834,4.909
11.751,918,6.836,4.915
11.758,919,6.838,4.92
11.765,920,6.84,4.925
11.772,921,6.842,4.93
11.779,922,6.844,4.935
11.787,923,6.846,4.941
11.794,924,6.848,4.946
11.801,925,6.85,4.951
11.808,926,6.852,4.956
11.815,927,6.854,4.961
11.822,928,6.856,4.966
11.83,929,6.858,4.972
11.837,930,6.86,4.977
11.844,931,6.862,4.982
11.851,932,6.864,4.987
11.858,933,6.866,4.992
11.866,934,6.868,4.998
11.873,935,6.87,5.003
11.88,936,6.872,5.008
11.887,937,6.874,5.013
11.894,938,6.876,5.018
11.902,939,6.878,5.024
11.909,940,6.88,5.029
11.916,941,6.882,5.034
11.923,942,6.884,5.039
11.93,943,6.886,5.044
11.937,944,6.888,5.049
11.945,945,6.89,5.055
11.952,946,6.892,5.06
11.959,947,6.894,5.065
11.966,948,6.896,5.07
11.973,949,6.898,5.075
11.983,950,6.9,5.083
11.99,951,6.902,5.088
11.997,952,6.904,5.093
12.004,953,6.906,5.098
12.011,954,6.908,5.103
12.018,955,6.91,5.108
12.026,956,6.912,5.114
12.033,957,6.914,5.119
12.04,958,6.916,5.124
12.047,959,6.918,5.129
12.054,960,6.92,5.134
12.062,961,6.922,5.14
12.069,962,6.924,5.145
12.076,963,6.926,5.15
12.083,964,6.928,5.155
12.09,965,6.93,5.16
12.098,966,6.932,5.166
12.105,967,6.934,5.171
12.112,968,6.936,5.176
12.119,969,6.938,5.181
12.126,970,6.94,5.186
12.133,971,6.942,5.191
12.141,972,6.944,5.197
12.148,973,6.946,5.202
12.155,974,6.948,5.207
12.162,975,6.95,5.212
12.169,976,6.952,5.217
12.177,977,6.954,5.223
12.184,978,6.956,5.228
12.191,979,6.958,5.233
12.198,980,6.96,5.238
12.205,981,6.962,5.243
12.213,982,6.964,5.249
12.22,983,6.966,5.254
12.227,984,6.968,5.259
12.234,985,6.97,5.264
12.241,986,6.972,5.269
12.248,987,6.974,5.274
12.256,988,6.976,5.28
12.263,989,6.978,5.285
12.27,990,6.98,5.29
12.277,991,6.982,5.295
12.284,992,6.984,5.3
12.292,993,6.986,5.306
12.299,994,6.988,5.311
12.306,995,6.99,5.316
12.313,996,6.992,5.321
12.32,997,6.994,5.326
12.328,998,6.996,5.332
12.335,999,6.998,5.337
12.344,1000,7,5.344
12.351,1001,7.002,5.349
12.358,1002,7.004,5.354
12.365,1003,7.006,5.359
12.373,1004,7.008,5.365
12.38,1005,7.01,5.37
12.387,1006,7.012,5.375
12.394,1007,7.014,5.38
12.401,1008,7.016,5.385
12.408,1009,7.018,5.39
12.416,1010,7.02,5.396
12.423,1011,7.022,5.401
12.43,1012,7.024,5.406
12.437,1013,7.026,5.411
12.444,1014,7.028,5.416
12.452,1015,7.03,5.422
12.459,1016,7.032,5.427
12.466,1017,7.034,5.432
12.473,1018,7.036,5.437
12.48,1019,7.038,5.442
12.488,1020,7.04,5.448
12.495,1021,7.042,5.453
12.502,1022,7.044,5.458
12.509,1023,7.046,5.463
12.516,1024,7.048,5.468
12.523,1025,7.05,5.473
12.531,1026,7.052,5.479
12.538,1027,7.054,5.484
12.545,1028,7.056,5.489
12.552,1029,7.058,5.494
12.559,1030,7.06,5.499
12.567,1031,7.062,5.505
12.574,1032,7.064,5.51
12.581,1033,7.066,5.515
12.588,1034,7.068,5.52
12.595,1035,7.07,5.525
12.603,1036,7.072,5.531
12.61,1037,7.074,5.536
12.617,1038,7.076,5.541
12.624,1039,7.078,5.546
12.631,1040,7.08,5.551
12.638,1041,7.082,5.556
12.646,1042,7.084,5.562
12.653,1043,7.086,5.567
12.66,1044,7.088,5.572
12.667,1045,7.09,5.577
12.674,1046,7.092,5.582
12.682,1047,7.094,5.588
12.689,1048,7.096,5.593
12.696,1049,7.098,5.598
