sim_time,nv0_source,direct_nv0_module,direct_nv0_x,direct_nv0_speed,direct_nv0_accel,controller_nv0_x,controller_nv0_speed,controller_nv0_accel,nv0_info_age,nv1_module,nv1_x,nv1_speed,nv1_accel,controller_ok,acc_cmd_nv1,actuation_ok,target_speed_nv1
0.1,direct,car[0],174,0,0,174,0,0,0,car[1],155,0,0,1,0.0874884,1,0.00874884
0.2,direct,car[0],174.674,7.52744,75.2744,174.674,7.52744,75.2744,0,car[1],155.141,6.54974,65.4974,1,-3,1,6.24974
0.3,direct,car[0],174.771,0.989887,-65.3755,174.771,0.989887,-65.3755,0,car[1],155.717,6.24963,-3.00108,1,-3,1,5.94963
0.4,direct,car[0],174.916,1.47543,4.85546,174.916,1.47543,4.85546,0,car[1],156.265,5.94953,-3.00103,1,1.85516,1,6.13505
0.5,direct,car[0],175.105,1.93597,4.60537,175.105,1.93597,4.60537,0,car[1],156.83,6.13494,1.8541,1,1.60453,1,6.29539
0.6,simu5g_packet,car[0],175.34,2.39453,4.58558,174.916,0,0,0.1,car[1],157.41,6.29528,1.60344,1,-2.5661,1,6.03867
0.7,simu5g_packet,car[0],175.621,2.85994,4.65409,175.105,1.93597,19.3597,0.1,car[1],157.966,6.03857,-2.56715,1,1.82059,1,6.22063
0.8,simu5g_packet,car[0],175.946,3.32168,4.61747,175.34,2.39453,4.58558,0.1,car[1],158.539,6.22052,1.81951,1,1.59173,1,6.37969
0.9,simu5g_packet,car[0],176.321,3.82046,4.98778,175.621,2.85994,4.65409,0.1,car[1],159.127,6.37958,1.59062,1,1.57536,1,6.53712
1,simu5g_packet,car[0],176.743,4.29837,4.7791,175.946,3.32168,4.61747,0.1,car[1],159.733,6.51357,1.33987,1,1.5642,1,6.66999
1.1,simu5g_packet,car[0],177.211,4.7806,4.82229,176.321,3.82046,4.98778,0.1,car[1],160.399,6.66987,1.56304,1,1.52787,1,6.82266
1.2,simu5g_packet,car[0],177.719,5.17673,3.96133,176.743,4.29837,4.7791,0.1,car[1],161.08,6.82254,1.52668,1,1.50387,1,6.97293
1.3,simu5g_packet,car[0],178.263,5.54556,3.68827,177.211,4.7806,4.82229,0.1,car[1],161.776,6.97281,1.50266,1,1.47973,1,7.12078
1.4,simu5g_packet,car[0],178.851,5.99494,4.49383,177.719,5.17673,3.96133,0.1,car[1],162.487,7.12066,1.47849,1,1.45599,1,7.26626
1.5,simu5g_packet,car[0],179.473,6.34607,3.51125,178.263,5.54556,3.68827,0.1,car[1],163.213,7.26613,1.45473,1,1.43264,1,7.40939
1.6,simu5g_packet,car[0],180.142,6.82633,4.80261,178.851,5.99494,4.49383,0.1,car[1],163.952,7.40927,1.43135,1,1.40966,1,7.55023
1.7,simu5g_packet,car[0],180.854,7.25127,4.24943,179.473,6.34607,3.51125,0.1,car[1],164.706,7.5501,1.40835,1,1.38705,1,7.68881
1.8,simu5g_packet,car[0],181.609,7.70827,4.56999,180.142,6.82633,4.80261,0.1,car[1],165.474,7.68867,1.38572,1,1.36481,1,7.82515
1.9,simu5g_packet,car[0],182.411,8.17518,4.66904,180.854,7.25127,4.24943,0.1,car[1],166.255,7.82502,1.36345,1,1.34292,1,7.95931
2,simu5g_packet,car[0],183.254,8.59985,4.2468,181.609,7.70827,4.56999,0.1,car[1],167.05,7.95917,1.34154,1,1.32138,1,8.09131
2.1,simu5g_packet,car[0],184.137,9.00444,4.04584,182.411,8.17518,4.66904,0.1,car[1],167.858,8.09117,1.31998,1,1.30019,1,8.22119
2.2,simu5g_packet,car[0],185.06,9.40908,4.04641,183.254,8.59985,4.2468,0.1,car[1],168.678,8.22104,1.29876,1,1.27934,1,8.34898
2.3,simu5g_packet,car[0],186.031,9.89701,4.87927,184.137,9.00444,4.04584,0.1,car[1],169.503,8.28638,0.653337,1,1.29755,1,8.41613
2.4,simu5g_packet,car[0],187.013,10.2584,3.61421,185.06,9.40908,4.04641,0.1,car[1],170.328,8.41599,1.29609,1,1.24673,1,8.54066
2.5,simu5g_packet,car[0],187.998,10.6839,4.25472,186.031,9.89701,4.87927,0.1,car[1],171.166,8.54051,1.24525,1,1.22812,1,8.66332
2.6,simu5g_packet,car[0],189.025,11.1399,4.56039,187.013,10.2584,3.61421,0.1,car[1],172.015,8.66317,1.22661,1,1.20836,1,8.78401
2.7,simu5g_packet,car[0],190.085,11.4917,3.51804,187.998,10.6839,4.25472,0.1,car[1],172.876,8.78386,1.20684,1,1.18899,1,8.90276
2.8,simu5g_packet,car[0],191.184,11.9097,4.17914,189.025,11.1399,4.56039,0.1,car[1],173.749,8.9026,1.18745,1,1.16993,1,9.01959
2.9,simu5g_packet,car[0],192.315,12.2657,3.56086,190.085,11.4917,3.51804,0.1,car[1],174.634,9.01944,1.16836,1,1.15117,1,9.13456
3,simu5g_packet,car[0],193.487,12.7123,4.46549,191.184,11.9097,4.17914,0.1,car[1],175.53,9.1344,1.14959,1,1.13272,1,9.24767
3.1,simu5g_packet,car[0],194.698,13.1347,4.22409,192.315,12.2657,3.56086,0.1,car[1],176.436,9.24751,1.13111,1,1.11456,1,9.35896
3.2,simu5g_packet,car[0],195.942,13.4865,3.51792,193.487,12.7123,4.46549,0.1,car[1],177.354,9.3588,1.11293,1,1.09669,1,9.46847
3.3,simu5g_packet,car[0],197.229,13.9558,4.69354,194.698,13.1347,4.22409,0.1,car[1],178.283,9.46831,1.09505,1,1.07911,1,9.57622
3.4,simu5g_packet,car[0],198.548,14.3094,3.53586,195.942,13.4865,3.51792,0.1,car[1],179.222,9.57605,1.07745,1,1.06182,1,9.68223
3.5,simu5g_packet,car[0],199.914,14.8034,4.94002,197.229,13.9558,4.69354,0.1,car[1],180.171,9.68207,1.06014,1,1.0448,1,9.78654
3.6,simu5g_packet,car[0],201.325,15.3005,4.97092,198.548,14.3094,3.53586,0.1,car[1],181.131,9.78637,1.0431,1,1.02805,1,9.88918
3.7,simu5g_packet,car[0],202.779,15.7714,4.70889,199.914,14.8034,4.94002,0.1,car[1],182.101,9.88901,1.02634,1,1.01157,1,9.99017
3.8,simu5g_packet,car[0],204.279,16.2697,4.98254,201.325,15.3005,4.97092,0.1,car[1],183.08,9.98999,1.00984,1,0.995364,1,10.0895
3.9,simu5g_packet,car[0],205.665,16.6983,4.2866,202.779,15.7714,4.70889,0.1,car[1],184.07,10.0894,0.993613,1,0.979405,1,10.1873
4,simu5g_packet,car[0],207.081,17.1048,4.06504,204.279,16.2697,4.98254,0.1,car[1],185.069,10.1871,0.977637,1,0.966376,1,10.2838
4.1,simu5g_packet,car[0],208.531,17.4981,3.93296,205.665,16.6983,4.2866,0.1,car[1],186.077,10.2836,0.964592,1,0.953941,1,10.379
4.2,simu5g_packet,car[0],210.018,17.9599,4.61741,207.081,17.1048,4.06504,0.1,car[1],187.063,10.3271,0.435326,1,0.967317,1,10.4238
4.3,simu5g_packet,car[0],211.538,18.3453,3.85406,208.531,17.4981,3.93296,0.1,car[1],188.024,10.4237,0.965508,1,0.935167,1,10.5172
4.4,simu5g_packet,car[0],213.086,18.7003,3.55007,210.018,17.9599,4.61741,0.1,car[1],188.994,10.517,0.933342,1,0.923853,1,10.6094
4.5,simu5g_packet,car[0],214.67,19.1201,4.19779,211.538,18.3453,3.85406,0.1,car[1],189.972,10.6092,0.922012,1,0.911931,1,10.7004
4.6,simu5g_packet,car[0],216.29,19.5554,4.35362,213.086,18.7003,3.55007,0.1,car[1],190.959,10.7002,0.910074,1,0.900191,1,10.7902
4.7,simu5g_packet,car[0],217.94,19.9247,3.69246,214.67,19.1201,4.19779,0.1,car[1],191.954,10.79,0.898319,1,0.888605,1,10.8789
4.8,simu5g_packet,car[0],219.587,19.8847,-0.39939,216.29,19.5554,4.35362,0.1,car[1],192.957,10.8787,0.886718,1,0.877161,1,10.9664
4.9,simu5g_packet,car[0],221.239,19.951,0.662721,217.94,19.9247,3.69246,0.1,car[1],193.969,10.9662,0.875258,1,0.865872,1,11.0528
5,simu5g_packet,car[0],222.893,19.9751,0.240994,219.587,19.8847,-0.39939,0.1,car[1],194.988,11.0526,0.863954,1,0.854724,1,11.1381
5.1,simu5g_packet,car[0],224.542,19.9069,-0.682006,221.239,19.951,0.662721,0.1,car[1],196.015,11.1379,0.852792,1,0.843719,1,11.2223
5.2,simu5g_packet,car[0],226.051,19.8524,-0.545328,221.239,19.951,0.662721,0.2,car[1],197.05,11.2221,0.841772,1,0.832855,1,11.3054
5.3,simu5g_packet,car[0],227.501,19.8818,0.294282,221.239,19.951,0.662721,0.3,car[1],198.093,11.3052,0.830894,1,0.822134,1,11.3874
5.4,simu5g_packet,car[0],228.95,19.8605,-0.213036,221.239,19.951,0.662721,0.4,car[1],199.143,11.3872,0.820158,1,0.811555,1,11.4683
5.5,simu5g_packet,car[0],230.4,19.8739,0.134478,222.893,19.9751,0.240994,0.4,car[1],200.2,11.4681,0.809565,1,0.801117,1,11.5483
5.6,simu5g_packet,car[0],231.849,19.8552,-0.187078,222.893,19.9751,0.240994,0.5,car[1],201.265,11.5481,0.799114,1,0.790795,1,11.6271
5.7,simu5g_packet,car[0],233.301,19.9167,0.614918,222.893,19.9751,0.240994,0.6,car[1],202.337,11.6269,0.788778,1,0.780629,1,11.705
5.8,simu5g_packet,car[0],234.76,19.9952,0.785217,224.542,19.9069,-0.682006,0.6,car[1],203.417,11.7048,0.778598,1,-0.13915,1,11.6909
5.9,simu5g_packet,car[0],236.218,19.9782,-0.170862,224.542,19.9069,-0.682006,0.7,car[1],204.475,11.6569,-0.479065,1,-0.0781635,1,11.6491
6,simu5g_packet,car[0],237.671,19.9289,-0.492968,224.542,19.9069,-0.682006,0.8,car[1],205.44,11.6489,-0.0801845,1,-0.12403,1,11.6365
6.1,simu5g_packet,car[0],239.123,19.8973,-0.315259,224.542,19.9069,-0.682006,0.9,car[1],206.404,11.6363,-0.126049,1,-0.14195,1,11.6221
6.2,simu5g_packet,car[0],240.538,19.853,-0.442934,226.051,19.8524,-0.545328,0.9,car[1],207.366,11.6219,-0.143966,1,0.321414,1,11.654
6.3,simu5g_packet,car[0],241.684,19.8907,0.376992,226.051,19.8524,-0.545328,1,car[1],208.331,11.6538,0.319392,1,0.262677,1,11.6801
6.4,simu5g_packet,car[0],242.828,19.8512,-0.395006,226.051,19.8524,-0.545328,1.1,car[1],209.299,11.6799,0.260651,1,0.236736,1,11.7035
6.5,simu5g_packet,car[0],243.978,19.9408,0.895085,226.051,19.8524,-0.545328,1.2,car[1],210.268,11.7033,0.234705,1,0.209395,1,11.7243
6.6,simu5g_packet,car[0],245.126,19.9226,-0.181025,227.501,19.8818,0.294282,1.2,car[1],211.239,11.7241,0.207361,1,0.788713,1,11.803
6.7,simu5g_packet,car[0],246.271,19.8615,-0.611318,227.501,19.8818,0.294282,1.3,car[1],212.216,11.8027,0.786665,1,0.757189,1,11.8785
6.8,simu5g_packet,car[0],247.42,19.9417,0.80152,227.501,19.8818,0.294282,1.4,car[1],213.2,11.8783,0.755129,1,0.74822,1,11.9531
6.9,simu5g_packet,car[0],248.493,19.8937,-0.480098,228.95,19.8605,-0.213036,1.4,car[1],214.19,11.9529,0.746147,1,0.738567,1,12.0267
7,simu5g_packet,car[0],249.418,19.9325,0.388259,228.95,19.8605,-0.213036,1.5,car[1],215.186,12.0265,0.736481,1,0.729073,1,12.0994
7.1,simu5g_packet,car[0],250.343,19.9602,0.276754,228.95,19.8605,-0.213036,1.6,car[1],216.188,12.0992,0.726974,1,0.719693,1,12.1712
7.2,simu5g_packet,car[0],251.264,19.8603,-0.998297,228.95,19.8605,-0.213036,1.7,car[1],217.196,12.171,0.717581,1,0.710429,1,12.242
7.3,simu5g_packet,car[0],252.188,19.9222,0.619176,230.4,19.8739,0.134478,1.7,car[1],218.21,12.2418,0.708305,1,0.701295,1,12.3119
7.4,simu5g_packet,car[0],253.111,19.9,-0.222138,230.4,19.8739,0.134478,1.8,car[1],219.23,12.3117,0.699159,1,0.692276,1,12.381
7.5,simu5g_packet,car[0],254.032,19.8748,-0.252233,230.4,19.8739,0.134478,1.9,car[1],220.255,12.3807,0.690128,1,0.683374,1,12.4491
7.6,simu5g_packet,car[0],254.947,19.9972,1.22347,230.4,19.8739,0.134478,2,car[1],221.286,12.4489,0.681214,1,0.674574,1,12.5163
7.7,simu5g_packet,car[0],255.807,19.9122,-0.849656,231.849,19.8552,-0.187078,2,car[1],222.323,12.5161,0.672403,1,0.665905,1,12.5827
7.8,simu5g_packet,car[0],256.668,19.9264,0.142398,231.849,19.8552,-0.187078,2.1,car[1],223.365,12.5825,0.663722,1,0.657337,1,12.6482
7.9,simu5g_packet,car[0],257.53,19.9586,0.321799,231.849,19.8552,-0.187078,2.2,car[1],224.413,12.648,0.655143,1,0.648887,1,12.7129
8,simu5g_packet,car[0],258.392,19.958,-0.00582637,233.301,19.9167,0.614918,2.2,car[1],225.412,12.6738,0.258033,1,0.659838,1,12.7398
8.1,simu5g_packet,car[0],259.25,19.8792,-0.788051,233.301,19.9167,0.614918,2.3,car[1],226.342,12.7396,0.657627,1,0.636544,1,12.8032
8.2,simu5g_packet,car[0],260.111,19.9331,0.539033,233.301,19.9167,0.614918,2.4,car[1],227.276,12.803,0.634323,1,0.628908,1,12.8659
8.3,simu5g_packet,car[0],260.973,19.9508,0.176875,233.301,19.9167,0.614918,2.5,car[1],228.214,12.8657,0.626676,1,0.620798,1,12.9277
8.4,simu5g_packet,car[0],261.833,19.9066,-0.442478,234.76,19.9952,0.785217,2.5,car[1],229.157,12.9275,0.618556,1,0.612826,1,12.9888
8.5,simu5g_packet,car[0],262.521,19.7774,-1.29195,234.76,19.9952,0.785217,2.6,car[1],230.105,12.9886,0.610573,1,0.604943,1,13.0491
8.6,simu5g_packet,car[0],262.936,19.9256,1.48223,234.76,19.9952,0.785217,2.7,car[1],231.057,13.0488,0.602679,1,0.597176,1,13.1085
8.7,simu5g_packet,car[0],263.351,19.8929,-0.326661,234.76,19.9952,0.785217,2.8,car[1],232.013,13.1083,0.594902,1,0.589499,1,13.1673
8.8,simu5g_packet,car[0],263.767,19.9108,0.178414,236.218,19.9782,-0.170862,2.8,car[1],232.974,13.167,0.587215,1,0.581926,1,13.2252
8.9,simu5g_packet,car[0],264.183,19.9282,0.17465,236.218,19.9782,-0.170862,2.9,car[1],233.938,13.225,0.579631,1,0.574442,1,13.2825
9,simu5g_packet,car[0],264.599,19.9375,0.0921672,236.218,19.9782,-0.170862,3,car[1],234.907,13.2822,0.572138,1,0.567063,1,13.3389
9.1,simu5g_packet,car[0],265.014,19.8862,-0.512455,237.671,19.9289,-0.492968,3,car[1],235.88,13.3387,0.564749,1,-0.00649349,1,13.338
9.2,simu5g_packet,car[0],265.431,19.9957,1.0949,237.671,19.9289,-0.492968,3.1,car[1],236.853,13.3378,-0.00880746,1,0.0283728,1,13.3407
9.3,simu5g_packet,car[0],265.847,19.9401,-0.555575,237.671,19.9289,-0.492968,3.2,car[1],237.827,13.3404,0.0260584,1,0.0257182,1,13.343
9.4,simu5g_packet,car[0],266.263,19.9237,-0.16431,237.671,19.9289,-0.492968,3.3,car[1],238.8,13.3428,0.0234034,1,0.0253742,1,13.3453
9.5,simu5g_packet,car[0],266.663,19.8826,-0.410631,239.123,19.8973,-0.315259,3.3,car[1],239.773,13.3451,0.023059,1,0.578562,1,13.4029
9.6,simu5g_packet,car[0],266.915,19.9257,0.430999,239.123,19.8973,-0.315259,3.4,car[1],240.677,13.339,-0.0605662,1,0.582411,1,13.3973
9.7,simu5g_packet,car[0],267.167,19.8734,-0.523932,239.123,19.8973,-0.315259,3.5,car[1],241.45,13.397,0.580087,1,0.551418,1,13.4522
9.8,simu5g_packet,car[0],267.42,19.9989,1.25564,239.123,19.8973,-0.315259,3.6,car[1],242.225,13.4519,0.549084,1,0.545199,1,13.5064
9.9,simu5g_packet,car[0],267.673,19.9744,-0.245163,240.538,19.853,-0.442934,3.6,car[1],243.004,13.5062,0.542856,1,0.100938,1,13.5163
10,simu5g_packet,car[0],267.925,19.9094,-0.650012,240.538,19.853,-0.442934,3.7,car[1],243.783,13.5161,0.0985931,1,0.125717,1,13.5286
10.1,simu5g_packet,car[0],268.177,19.9026,-0.0676825,240.538,19.853,-0.442934,3.8,car[1],244.562,13.5284,0.12337,1,0.121633,1,13.5406
10.2,simu5g_packet,car[0],268.558,19.8836,-0.190642,241.684,19.8907,0.376992,3.8,car[1],245.343,13.5403,0.119284,1,0.548961,1,13.5952
10.3,simu5g_packet,car[0],268.99,19.9179,0.343187,241.684,19.8907,0.376992,3.9,car[1],246.126,13.595,0.546603,1,0.526147,1,13.6476
10.4,simu5g_packet,car[0],269.423,19.9712,0.532873,241.684,19.8907,0.376992,4,car[1],246.913,13.6474,0.523779,1,0.519965,1,13.6994
10.5,simu5g_packet,car[0],269.857,19.9756,0.0438557,241.684,19.8907,0.376992,4.1,car[1],247.703,13.6991,0.517589,1,0.513274,1,13.7505
10.6,simu5g_packet,car[0],270.29,19.968,-0.0758469,242.828,19.8512,-0.395006,4.1,car[1],248.434,13.7215,0.223545,1,0.238042,1,13.7453
10.7,simu5g_packet,car[0],270.664,19.9289,-0.390751,242.828,19.8512,-0.395006,4.2,car[1],249.071,13.7451,0.235658,1,0.232349,1,13.7683
10.8,simu5g_packet,car[0],271.034,19.995,0.661392,242.828,19.8512,-0.395006,4.3,car[1],249.709,13.7681,0.22996,1,0.227858,1,13.7908
10.9,simu5g_packet,car[0],271.403,19.9508,-0.442218,243.978,19.9408,0.895085,4.3,car[1],250.349,13.7906,0.225465,1,0.511629,1,13.8418
11,simu5g_packet,car[0],271.772,19.9436,-0.0720609,243.978,19.9408,0.895085,4.4,car[1],250.991,13.8415,0.509227,1,0.494529,1,13.891
11.1,simu5g_packet,car[0],272.14,19.863,-0.805755,243.978,19.9408,0.895085,4.5,car[1],251.635,13.8907,0.492119,1,0.488568,1,13.9396
11.2,simu5g_packet,car[0],272.509,19.966,1.02966,243.978,19.9408,0.895085,4.6,car[1],252.281,13.9393,0.48615,1,0.482284,1,13.9876
11.3,simu5g_packet,car[0],272.879,19.9771,0.111332,245.126,19.9226,-0.181025,4.6,car[1],252.93,13.9873,0.479857,1,0.476091,1,14.0349
11.4,simu5g_packet,car[0],273.492,19.8472,-1.29919,245.126,19.9226,-0.181025,4.7,car[1],253.581,14.0347,0.473656,1,0.469975,1,14.0817
11.5,simu5g_packet,car[0],274.184,19.8747,0.274464,245.126,19.9226,-0.181025,4.8,car[1],254.234,14.0815,0.467532,1,0.463937,1,14.1278
11.6,simu5g_packet,car[0],274.88,19.964,0.892962,245.126,19.9226,-0.181025,4.9,car[1],254.881,14.1264,0.449077,1,0.4586,1,14.1722
11.7,simu5g_packet,car[0],275.574,19.9273,-0.366737,246.271,19.8615,-0.611318,4.9,car[1],255.493,14.172,0.456142,1,-0.60582,1,14.1114
11.8,simu5g_packet,car[0],276.266,19.8839,-0.434124,246.271,19.8615,-0.611318,5,car[1],256.103,14.1111,-0.608268,1,-0.528663,1,14.0583
11.9,simu5g_packet,car[0],276.958,19.8568,-0.270295,246.271,19.8615,-0.611318,5.1,car[1],256.71,14.058,-0.531101,1,-0.522165,1,14.0058
12,simu5g_packet,car[0],277.654,19.9711,1.14244,247.42,19.9417,0.80152,5.1,car[1],257.315,14.0056,-0.524595,1,0.510071,1,14.0566
12.1,simu5g_packet,car[0],278.345,19.8504,-1.2068,247.42,19.9417,0.80152,5.2,car[1],257.922,14.0563,0.507633,1,0.465854,1,14.1029
12.2,simu5g_packet,car[0],279.039,19.9048,0.543686,247.42,19.9417,0.80152,5.3,car[1],258.531,14.1027,0.463407,1,0.461251,1,14.1488
12.3,simu5g_packet,car[0],279.819,19.9477,0.428933,247.42,19.9417,0.80152,5.4,car[1],259.142,14.1486,0.458796,1,0.455278,1,14.1941
12.4,simu5g_packet,car[0],280.692,19.8534,-0.94318,248.493,19.8937,-0.480098,5.4,car[1],259.755,14.1938,0.452816,1,-0.149264,1,14.1789
12.5,simu5g_packet,car[0],281.567,19.9132,0.598802,248.493,19.8937,-0.480098,5.5,car[1],260.367,14.1787,-0.151724,1,-0.109539,1,14.1677
12.6,simu5g_packet,car[0],282.443,19.9487,0.354273,248.493,19.8937,-0.480098,5.6,car[1],260.979,14.1675,-0.111997,1,-0.109586,1,14.1565
